<DOMSymbolItem xmlns:xsi="http://www.w3.org/2001/XMLSchema-instance" xmlns="http://ns.adobe.com/xfl/2008/" name="Animations/arrow" itemID="515007cc-00000599" symbolType="graphic" lastModified="1364199372">
  <timeline>
    <DOMTimeline name="arrow">
      <layers>
        <DOMLayer name="Layer 1" color="#4FFF4F" current="true" isSelected="true">
          <frames>
            <DOMFrame index="0" keyMode="9728">
              <elements>
                <DOMGroup selected="true">
                  <transformationPoint>
                    <Point x="-0.05" y="-0.15"/>
                  </transformationPoint>
                  <members>
                    <DOMShape selected="true">
                      <transformationPoint>
                        <Point x="-0.05" y="-0.15"/>
                      </transformationPoint>
                      <fills>
                        <FillStyle index="1">
                          <SolidColor color="#FFFFFF"/>
                        </FillStyle>
                      </fills>
                      <strokes>
                        <StrokeStyle index="1">
                          <SolidStroke scaleMode="normal">
                            <fill>
                              <SolidColor color="#FFFFFF"/>
                            </fill>
                          </SolidStroke>
                        </StrokeStyle>
                      </strokes>
                      <edges>
                        <Edge fillStyle0="1" strokeStyle="1" edges="!2 -79S5/-39 -26!-39 -26/-124 79!-124 79|124 79!124 79/40 -29!40 -29/2 -79"/>
                        <Edge cubics="!-124 79(;-124,79 124,79 124,79q-124 79 124 79);"/>
                        <Edge cubics="!124 79(;124,79 40,-29 40,-29q124 79 40 -29);"/>
                        <Edge cubics="!-39 -26(;-39,-26 -124,79 -124,79q-39 -26 -124 79);"/>
                        <Edge cubics="!40 -29(;40,-29 2,-79 2,-79q40 -29 2 -79);"/>
                        <Edge cubics="!2 -79(;2,-79 -39,-26 -39,-26q2 -79 -39 -26);"/>
                      </edges>
                    </DOMShape>
                  </members>
                </DOMGroup>
              </elements>
            </DOMFrame>
          </frames>
        </DOMLayer>
      </layers>
    </DOMTimeline>
  </timeline>
</DOMSymbolItem>