<DOMSymbolItem xmlns:xsi="http://www.w3.org/2001/XMLSchema-instance" xmlns="http://ns.adobe.com/xfl/2008/" name="Animations/uploading_arrow" itemID="514fc9fd-00000542" lastModified="1364199438">
  <timeline>
    <DOMTimeline name="uploading_arrow" currentFrame="12">
      <layers>
        <DOMLayer name="Layer 1" color="#4FFF4F" current="true" isSelected="true">
          <frames>
            <DOMFrame index="0" duration="2" tweenType="motion" motionTweenSnap="true" keyMode="22017">
              <elements>
                <DOMSymbolInstance libraryItemName="Animations/arrow" symbolType="graphic" loop="loop">
                  <matrix>
                    <Matrix tx="6.2" ty="3.95"/>
                  </matrix>
                  <transformationPoint>
                    <Point/>
                  </transformationPoint>
                </DOMSymbolInstance>
              </elements>
            </DOMFrame>
            <DOMFrame index="2" duration="2" tweenType="motion" motionTweenSnap="true" keyMode="22017">
              <elements>
                <DOMSymbolInstance libraryItemName="Animations/arrow" symbolType="graphic" loop="loop">
                  <matrix>
                    <Matrix tx="6.2" ty="3.15"/>
                  </matrix>
                  <transformationPoint>
                    <Point/>
                  </transformationPoint>
                </DOMSymbolInstance>
              </elements>
            </DOMFrame>
            <DOMFrame index="4" duration="2" tweenType="motion" motionTweenSnap="true" keyMode="22017">
              <elements>
                <DOMSymbolInstance libraryItemName="Animations/arrow" symbolType="graphic" loop="loop">
                  <matrix>
                    <Matrix tx="6.2" ty="3.75"/>
                  </matrix>
                  <transformationPoint>
                    <Point/>
                  </transformationPoint>
                </DOMSymbolInstance>
              </elements>
            </DOMFrame>
            <DOMFrame index="6" duration="2" tweenType="motion" motionTweenSnap="true" keyMode="22017">
              <elements>
                <DOMSymbolInstance libraryItemName="Animations/arrow" symbolType="graphic" loop="loop">
                  <matrix>
                    <Matrix tx="6.2" ty="2.85"/>
                  </matrix>
                  <transformationPoint>
                    <Point/>
                  </transformationPoint>
                </DOMSymbolInstance>
              </elements>
            </DOMFrame>
            <DOMFrame index="8" duration="2" tweenType="motion" motionTweenSnap="true" keyMode="22017">
              <elements>
                <DOMSymbolInstance libraryItemName="Animations/arrow" symbolType="graphic" loop="loop">
                  <matrix>
                    <Matrix tx="6.2" ty="3.95"/>
                  </matrix>
                  <transformationPoint>
                    <Point/>
                  </transformationPoint>
                </DOMSymbolInstance>
              </elements>
            </DOMFrame>
            <DOMFrame index="10" duration="2" tweenType="motion" motionTweenSnap="true" keyMode="22017">
              <elements>
                <DOMSymbolInstance libraryItemName="Animations/arrow" symbolType="graphic" loop="loop">
                  <matrix>
                    <Matrix tx="6.2" ty="3.25"/>
                  </matrix>
                  <transformationPoint>
                    <Point/>
                  </transformationPoint>
                </DOMSymbolInstance>
              </elements>
            </DOMFrame>
            <DOMFrame index="12" duration="14" keyMode="9728">
              <elements>
                <DOMGroup>
                  <transformationPoint>
                    <Point x="6.15" y="3.8"/>
                  </transformationPoint>
                  <members>
                    <DOMShape>
                      <transformationPoint>
                        <Point x="6.15" y="3.8"/>
                      </transformationPoint>
                      <fills>
                        <FillStyle index="1">
                          <SolidColor color="#FFFFFF"/>
                        </FillStyle>
                      </fills>
                      <strokes>
                        <StrokeStyle index="1">
                          <SolidStroke scaleMode="normal">
                            <fill>
                              <SolidColor color="#FFFFFF"/>
                            </fill>
                          </SolidStroke>
                        </StrokeStyle>
                      </strokes>
                      <edges>
                        <Edge fillStyle0="1" strokeStyle="1" edges="!0 158|248 158!248 158/164 50!164 50/126 0!126 0/85 53!85 53/0 158"/>
                        <Edge cubics="!0 158(;0,158 248,158 248,158q0 158 248 158);"/>
                        <Edge cubics="!248 158(;248,158 164,50 164,50q248 158 164 50);"/>
                        <Edge cubics="!85 53(;85,53 0,158 0,158q85 53 0 158);"/>
                        <Edge cubics="!164 50(;164,50 126,0 126,0q164 50 126 0);"/>
                        <Edge cubics="!126 0(;126,0 85,53 85,53q126 0 85 53);"/>
                      </edges>
                    </DOMShape>
                  </members>
                </DOMGroup>
                <DOMShape isDrawingObject="true">
                  <matrix>
                    <Matrix a="0.841522216796875" d="1.84458923339844" tx="-9.9" ty="-16.1"/>
                  </matrix>
                  <transformationPoint>
                    <Point x="19.05" y="16.15"/>
                  </transformationPoint>
                  <strokes>
                    <StrokeStyle index="1">
                      <SolidStroke scaleMode="normal" weight="2">
                        <fill>
                          <SolidColor color="#FFFFFF"/>
                        </fill>
                      </SolidStroke>
                    </StrokeStyle>
                  </strokes>
                  <edges>
                    <Edge strokeStyle="1" edges="!325 323|437 323"/>
                  </edges>
                </DOMShape>
              </elements>
            </DOMFrame>
            <DOMFrame index="26" keyMode="9728">
              <elements>
                <DOMGroup>
                  <transformationPoint>
                    <Point x="6.15" y="3.8"/>
                  </transformationPoint>
                  <members>
                    <DOMShape>
                      <transformationPoint>
                        <Point x="6.15" y="3.8"/>
                      </transformationPoint>
                      <fills>
                        <FillStyle index="1">
                          <SolidColor color="#FFFFFF"/>
                        </FillStyle>
                      </fills>
                      <strokes>
                        <StrokeStyle index="1">
                          <SolidStroke scaleMode="normal">
                            <fill>
                              <SolidColor color="#FFFFFF"/>
                            </fill>
                          </SolidStroke>
                        </StrokeStyle>
                      </strokes>
                      <edges>
                        <Edge fillStyle0="1" strokeStyle="1" edges="!0 158|248 158!248 158/164 50!164 50/126 0!126 0/85 53!85 53/0 158"/>
                        <Edge cubics="!0 158(;0,158 248,158 248,158q0 158 248 158);"/>
                        <Edge cubics="!248 158(;248,158 164,50 164,50q248 158 164 50);"/>
                        <Edge cubics="!85 53(;85,53 0,158 0,158q85 53 0 158);"/>
                        <Edge cubics="!164 50(;164,50 126,0 126,0q164 50 126 0);"/>
                        <Edge cubics="!126 0(;126,0 85,53 85,53q126 0 85 53);"/>
                      </edges>
                    </DOMShape>
                  </members>
                </DOMGroup>
                <DOMShape isDrawingObject="true">
                  <matrix>
                    <Matrix a="0.841522216796875" d="1.84458923339844" tx="-9.9" ty="-16.1"/>
                  </matrix>
                  <transformationPoint>
                    <Point x="19.05" y="16.15"/>
                  </transformationPoint>
                  <strokes>
                    <StrokeStyle index="1">
                      <SolidStroke scaleMode="normal" weight="2">
                        <fill>
                          <SolidColor color="#FFFFFF"/>
                        </fill>
                      </SolidStroke>
                    </StrokeStyle>
                  </strokes>
                  <edges>
                    <Edge strokeStyle="1" edges="!325 323|437 323"/>
                  </edges>
                </DOMShape>
              </elements>
            </DOMFrame>
          </frames>
        </DOMLayer>
        <DOMLayer name="Layer 2" color="#9933CC">
          <frames>
            <DOMFrame index="0" duration="2" keyMode="9728">
              <elements>
                <DOMShape isDrawingObject="true">
                  <matrix>
                    <Matrix a="0.841522216796875" d="1.84458923339844" tx="-9.9" ty="-21.15"/>
                  </matrix>
                  <transformationPoint>
                    <Point x="19.05" y="16.15"/>
                  </transformationPoint>
                  <strokes>
                    <StrokeStyle index="1">
                      <SolidStroke scaleMode="normal" weight="2">
                        <fill>
                          <SolidColor color="#FFFFFF"/>
                        </fill>
                      </SolidStroke>
                    </StrokeStyle>
                  </strokes>
                  <edges>
                    <Edge strokeStyle="1" edges="!325 323|437 323"/>
                  </edges>
                </DOMShape>
                <DOMShape isDrawingObject="true">
                  <matrix>
                    <Matrix a="0.841522216796875" d="1.84458923339844" tx="-9.9" ty="-18.65"/>
                  </matrix>
                  <transformationPoint>
                    <Point x="19.05" y="16.15"/>
                  </transformationPoint>
                  <strokes>
                    <StrokeStyle index="1">
                      <SolidStroke scaleMode="normal" weight="2">
                        <fill>
                          <SolidColor color="#FFFFFF"/>
                        </fill>
                      </SolidStroke>
                    </StrokeStyle>
                  </strokes>
                  <edges>
                    <Edge strokeStyle="1" edges="!325 323|437 323"/>
                  </edges>
                </DOMShape>
                <DOMShape isDrawingObject="true">
                  <matrix>
                    <Matrix a="0.841522216796875" d="1.84458923339844" tx="-9.9" ty="-16.1"/>
                  </matrix>
                  <transformationPoint>
                    <Point x="19.05" y="16.15"/>
                  </transformationPoint>
                  <strokes>
                    <StrokeStyle index="1">
                      <SolidStroke scaleMode="normal" weight="2">
                        <fill>
                          <SolidColor color="#FFFFFF"/>
                        </fill>
                      </SolidStroke>
                    </StrokeStyle>
                  </strokes>
                  <edges>
                    <Edge strokeStyle="1" edges="!325 323|437 323"/>
                  </edges>
                </DOMShape>
              </elements>
            </DOMFrame>
            <DOMFrame index="2" duration="2" keyMode="9728">
              <elements>
                <DOMShape isDrawingObject="true">
                  <matrix>
                    <Matrix a="0.841522216796875" d="1.84458923339844" tx="-9.9" ty="-22.15"/>
                  </matrix>
                  <transformationPoint>
                    <Point x="19.05" y="16.15"/>
                  </transformationPoint>
                  <strokes>
                    <StrokeStyle index="1">
                      <SolidStroke scaleMode="normal" weight="2">
                        <fill>
                          <SolidColor color="#FFFFFF"/>
                        </fill>
                      </SolidStroke>
                    </StrokeStyle>
                  </strokes>
                  <edges>
                    <Edge strokeStyle="1" edges="!325 323|437 323"/>
                  </edges>
                </DOMShape>
                <DOMShape isDrawingObject="true">
                  <matrix>
                    <Matrix a="0.841522216796875" d="1.84458923339844" tx="-9.9" ty="-19.65"/>
                  </matrix>
                  <transformationPoint>
                    <Point x="19.05" y="16.15"/>
                  </transformationPoint>
                  <strokes>
                    <StrokeStyle index="1">
                      <SolidStroke scaleMode="normal" weight="2">
                        <fill>
                          <SolidColor color="#FFFFFF"/>
                        </fill>
                      </SolidStroke>
                    </StrokeStyle>
                  </strokes>
                  <edges>
                    <Edge strokeStyle="1" edges="!325 323|437 323"/>
                  </edges>
                </DOMShape>
                <DOMShape isDrawingObject="true">
                  <matrix>
                    <Matrix a="0.841522216796875" d="1.84458923339844" tx="-9.9" ty="-17.1"/>
                  </matrix>
                  <transformationPoint>
                    <Point x="19.05" y="16.15"/>
                  </transformationPoint>
                  <strokes>
                    <StrokeStyle index="1">
                      <SolidStroke scaleMode="normal" weight="2">
                        <fill>
                          <SolidColor color="#FFFFFF"/>
                        </fill>
                      </SolidStroke>
                    </StrokeStyle>
                  </strokes>
                  <edges>
                    <Edge strokeStyle="1" edges="!325 323|437 323"/>
                  </edges>
                </DOMShape>
              </elements>
            </DOMFrame>
            <DOMFrame index="4" duration="2" keyMode="9728">
              <elements>
                <DOMShape isDrawingObject="true">
                  <matrix>
                    <Matrix a="0.841522216796875" d="1.84458923339844" tx="-9.9" ty="-23.75"/>
                  </matrix>
                  <transformationPoint>
                    <Point x="19.05" y="16.15"/>
                  </transformationPoint>
                  <strokes>
                    <StrokeStyle index="1">
                      <SolidStroke scaleMode="normal" weight="2">
                        <fill>
                          <SolidColor color="#FFFFFF"/>
                        </fill>
                      </SolidStroke>
                    </StrokeStyle>
                  </strokes>
                  <edges>
                    <Edge strokeStyle="1" edges="!325 323|437 323"/>
                  </edges>
                </DOMShape>
                <DOMShape isDrawingObject="true">
                  <matrix>
                    <Matrix a="0.841522216796875" d="1.84458923339844" tx="-9.9" ty="-21.25"/>
                  </matrix>
                  <transformationPoint>
                    <Point x="19.05" y="16.15"/>
                  </transformationPoint>
                  <strokes>
                    <StrokeStyle index="1">
                      <SolidStroke scaleMode="normal" weight="2">
                        <fill>
                          <SolidColor color="#FFFFFF"/>
                        </fill>
                      </SolidStroke>
                    </StrokeStyle>
                  </strokes>
                  <edges>
                    <Edge strokeStyle="1" edges="!325 323|437 323"/>
                  </edges>
                </DOMShape>
                <DOMShape isDrawingObject="true">
                  <matrix>
                    <Matrix a="0.841522216796875" d="1.84458923339844" tx="-9.9" ty="-18.7"/>
                  </matrix>
                  <transformationPoint>
                    <Point x="19.05" y="16.15"/>
                  </transformationPoint>
                  <strokes>
                    <StrokeStyle index="1">
                      <SolidStroke scaleMode="normal" weight="2">
                        <fill>
                          <SolidColor color="#FFFFFF"/>
                        </fill>
                      </SolidStroke>
                    </StrokeStyle>
                  </strokes>
                  <edges>
                    <Edge strokeStyle="1" edges="!325 323|437 323"/>
                  </edges>
                </DOMShape>
              </elements>
            </DOMFrame>
            <DOMFrame index="6" duration="2" keyMode="9728">
              <elements>
                <DOMShape isDrawingObject="true">
                  <matrix>
                    <Matrix a="0.841522216796875" d="1.84458923339844" tx="-9.9" ty="-24.75"/>
                  </matrix>
                  <transformationPoint>
                    <Point x="19.05" y="16.15"/>
                  </transformationPoint>
                  <strokes>
                    <StrokeStyle index="1">
                      <SolidStroke scaleMode="normal" weight="2">
                        <fill>
                          <SolidColor color="#FFFFFF"/>
                        </fill>
                      </SolidStroke>
                    </StrokeStyle>
                  </strokes>
                  <edges>
                    <Edge strokeStyle="1" edges="!325 323|437 323"/>
                  </edges>
                </DOMShape>
                <DOMShape isDrawingObject="true">
                  <matrix>
                    <Matrix a="0.841522216796875" d="1.84458923339844" tx="-9.9" ty="-22.25"/>
                  </matrix>
                  <transformationPoint>
                    <Point x="19.05" y="16.15"/>
                  </transformationPoint>
                  <strokes>
                    <StrokeStyle index="1">
                      <SolidStroke scaleMode="normal" weight="2">
                        <fill>
                          <SolidColor color="#FFFFFF"/>
                        </fill>
                      </SolidStroke>
                    </StrokeStyle>
                  </strokes>
                  <edges>
                    <Edge strokeStyle="1" edges="!325 323|437 323"/>
                  </edges>
                </DOMShape>
                <DOMShape isDrawingObject="true">
                  <matrix>
                    <Matrix a="0.841522216796875" d="1.84458923339844" tx="-9.9" ty="-19.7"/>
                  </matrix>
                  <transformationPoint>
                    <Point x="19.05" y="16.15"/>
                  </transformationPoint>
                  <strokes>
                    <StrokeStyle index="1">
                      <SolidStroke scaleMode="normal" weight="2">
                        <fill>
                          <SolidColor color="#FFFFFF"/>
                        </fill>
                      </SolidStroke>
                    </StrokeStyle>
                  </strokes>
                  <edges>
                    <Edge strokeStyle="1" edges="!325 323|437 323"/>
                  </edges>
                </DOMShape>
              </elements>
            </DOMFrame>
            <DOMFrame index="8" duration="2" keyMode="9728">
              <elements>
                <DOMShape isDrawingObject="true">
                  <matrix>
                    <Matrix a="0.841522216796875" d="1.84458923339844" tx="-9.9" ty="-23.75"/>
                  </matrix>
                  <transformationPoint>
                    <Point x="19.05" y="16.15"/>
                  </transformationPoint>
                  <strokes>
                    <StrokeStyle index="1">
                      <SolidStroke scaleMode="normal" weight="2">
                        <fill>
                          <SolidColor color="#FFFFFF"/>
                        </fill>
                      </SolidStroke>
                    </StrokeStyle>
                  </strokes>
                  <edges>
                    <Edge strokeStyle="1" edges="!325 323|437 323"/>
                  </edges>
                </DOMShape>
                <DOMShape isDrawingObject="true">
                  <matrix>
                    <Matrix a="0.841522216796875" d="1.84458923339844" tx="-9.9" ty="-21.2"/>
                  </matrix>
                  <transformationPoint>
                    <Point x="19.05" y="16.15"/>
                  </transformationPoint>
                  <strokes>
                    <StrokeStyle index="1">
                      <SolidStroke scaleMode="normal" weight="2">
                        <fill>
                          <SolidColor color="#FFFFFF"/>
                        </fill>
                      </SolidStroke>
                    </StrokeStyle>
                  </strokes>
                  <edges>
                    <Edge strokeStyle="1" edges="!325 323|437 323"/>
                  </edges>
                </DOMShape>
              </elements>
            </DOMFrame>
            <DOMFrame index="10" duration="2" keyMode="9728">
              <elements>
                <DOMShape isDrawingObject="true">
                  <matrix>
                    <Matrix a="0.841522216796875" d="1.84458923339844" tx="-9.9" ty="-24.45"/>
                  </matrix>
                  <transformationPoint>
                    <Point x="19.05" y="16.15"/>
                  </transformationPoint>
                  <strokes>
                    <StrokeStyle index="1">
                      <SolidStroke scaleMode="normal" weight="2">
                        <fill>
                          <SolidColor color="#FFFFFF"/>
                        </fill>
                      </SolidStroke>
                    </StrokeStyle>
                  </strokes>
                  <edges>
                    <Edge strokeStyle="1" edges="!325 323|437 323"/>
                  </edges>
                </DOMShape>
                <DOMShape isDrawingObject="true">
                  <matrix>
                    <Matrix a="0.841522216796875" d="1.84458923339844" tx="-9.85" ty="-22.6"/>
                  </matrix>
                  <transformationPoint>
                    <Point x="19.05" y="16.15"/>
                  </transformationPoint>
                  <strokes>
                    <StrokeStyle index="1">
                      <SolidStroke scaleMode="normal" weight="2">
                        <fill>
                          <SolidColor color="#FFFFFF"/>
                        </fill>
                      </SolidStroke>
                    </StrokeStyle>
                  </strokes>
                  <edges>
                    <Edge strokeStyle="1" edges="!325 323|437 323"/>
                  </edges>
                </DOMShape>
              </elements>
            </DOMFrame>
            <DOMFrame index="12" keyMode="9728">
              <elements>
                <DOMShape isDrawingObject="true">
                  <matrix>
                    <Matrix a="0.841522216796875" d="1.84458923339844" tx="-9.9" ty="-24.45"/>
                  </matrix>
                  <transformationPoint>
                    <Point x="19.05" y="16.15"/>
                  </transformationPoint>
                  <strokes>
                    <StrokeStyle index="1">
                      <SolidStroke scaleMode="normal" weight="2">
                        <fill>
                          <SolidColor color="#FFFFFF"/>
                        </fill>
                      </SolidStroke>
                    </StrokeStyle>
                  </strokes>
                  <edges>
                    <Edge strokeStyle="1" edges="!325 323|437 323"/>
                  </edges>
                </DOMShape>
                <DOMShape isDrawingObject="true">
                  <matrix>
                    <Matrix a="0.841522216796875" d="1.84458923339844" tx="-9.9" ty="-16.1"/>
                  </matrix>
                  <transformationPoint>
                    <Point x="19.05" y="16.15"/>
                  </transformationPoint>
                  <strokes>
                    <StrokeStyle index="1">
                      <SolidStroke scaleMode="normal" weight="2">
                        <fill>
                          <SolidColor color="#FFFFFF"/>
                        </fill>
                      </SolidStroke>
                    </StrokeStyle>
                  </strokes>
                  <edges>
                    <Edge strokeStyle="1" edges="!325 323|437 323"/>
                  </edges>
                </DOMShape>
              </elements>
            </DOMFrame>
            <DOMFrame index="13" duration="3" keyMode="9728">
              <elements>
                <DOMShape isDrawingObject="true">
                  <matrix>
                    <Matrix a="0.841522216796875" d="1.84458923339844" tx="-9.9" ty="-16.1"/>
                  </matrix>
                  <transformationPoint>
                    <Point x="19.05" y="16.15"/>
                  </transformationPoint>
                  <strokes>
                    <StrokeStyle index="1">
                      <SolidStroke scaleMode="normal" weight="2">
                        <fill>
                          <SolidColor color="#FFFFFF"/>
                        </fill>
                      </SolidStroke>
                    </StrokeStyle>
                  </strokes>
                  <edges>
                    <Edge strokeStyle="1" edges="!325 323|437 323"/>
                  </edges>
                </DOMShape>
              </elements>
            </DOMFrame>
            <DOMFrame index="16" duration="2" keyMode="9728">
              <elements>
                <DOMShape isDrawingObject="true">
                  <matrix>
                    <Matrix a="0.841522216796875" d="1.84458923339844" tx="-9.9" ty="-17"/>
                  </matrix>
                  <transformationPoint>
                    <Point x="19.05" y="16.15"/>
                  </transformationPoint>
                  <strokes>
                    <StrokeStyle index="1">
                      <SolidStroke scaleMode="normal" weight="2">
                        <fill>
                          <SolidColor color="#FFFFFF"/>
                        </fill>
                      </SolidStroke>
                    </StrokeStyle>
                  </strokes>
                  <edges>
                    <Edge strokeStyle="1" edges="!325 323|437 323"/>
                  </edges>
                </DOMShape>
              </elements>
            </DOMFrame>
            <DOMFrame index="18" duration="4" keyMode="9728">
              <elements>
                <DOMShape isDrawingObject="true">
                  <matrix>
                    <Matrix a="0.841522216796875" d="1.84458923339844" tx="-9.9" ty="-18.65"/>
                  </matrix>
                  <transformationPoint>
                    <Point x="19.05" y="16.15"/>
                  </transformationPoint>
                  <strokes>
                    <StrokeStyle index="1">
                      <SolidStroke scaleMode="normal" weight="2">
                        <fill>
                          <SolidColor color="#FFFFFF"/>
                        </fill>
                      </SolidStroke>
                    </StrokeStyle>
                  </strokes>
                  <edges>
                    <Edge strokeStyle="1" edges="!325 323|437 323"/>
                  </edges>
                </DOMShape>
                <DOMShape isDrawingObject="true">
                  <matrix>
                    <Matrix a="0.841522216796875" d="1.84458923339844" tx="-9.9" ty="-16.1"/>
                  </matrix>
                  <transformationPoint>
                    <Point x="19.05" y="16.15"/>
                  </transformationPoint>
                  <strokes>
                    <StrokeStyle index="1">
                      <SolidStroke scaleMode="normal" weight="2">
                        <fill>
                          <SolidColor color="#FFFFFF"/>
                        </fill>
                      </SolidStroke>
                    </StrokeStyle>
                  </strokes>
                  <edges>
                    <Edge strokeStyle="1" edges="!325 323|437 323"/>
                  </edges>
                </DOMShape>
              </elements>
            </DOMFrame>
            <DOMFrame index="22" duration="4" keyMode="9728">
              <elements>
                <DOMShape isDrawingObject="true">
                  <matrix>
                    <Matrix a="0.841522216796875" d="1.84458923339844" tx="-9.9" ty="-19.75"/>
                  </matrix>
                  <transformationPoint>
                    <Point x="19.05" y="16.15"/>
                  </transformationPoint>
                  <strokes>
                    <StrokeStyle index="1">
                      <SolidStroke scaleMode="normal" weight="2">
                        <fill>
                          <SolidColor color="#FFFFFF"/>
                        </fill>
                      </SolidStroke>
                    </StrokeStyle>
                  </strokes>
                  <edges>
                    <Edge strokeStyle="1" edges="!325 323|437 323"/>
                  </edges>
                </DOMShape>
                <DOMShape isDrawingObject="true">
                  <matrix>
                    <Matrix a="0.841522216796875" d="1.84458923339844" tx="-9.9" ty="-17.2"/>
                  </matrix>
                  <transformationPoint>
                    <Point x="19.05" y="16.15"/>
                  </transformationPoint>
                  <strokes>
                    <StrokeStyle index="1">
                      <SolidStroke scaleMode="normal" weight="2">
                        <fill>
                          <SolidColor color="#FFFFFF"/>
                        </fill>
                      </SolidStroke>
                    </StrokeStyle>
                  </strokes>
                  <edges>
                    <Edge strokeStyle="1" edges="!325 323|437 323"/>
                  </edges>
                </DOMShape>
              </elements>
            </DOMFrame>
            <DOMFrame index="26" keyMode="9728">
              <elements>
                <DOMShape isDrawingObject="true">
                  <matrix>
                    <Matrix a="0.841522216796875" d="1.84458923339844" tx="-9.9" ty="-21.15"/>
                  </matrix>
                  <transformationPoint>
                    <Point x="19.05" y="16.15"/>
                  </transformationPoint>
                  <strokes>
                    <StrokeStyle index="1">
                      <SolidStroke scaleMode="normal" weight="2">
                        <fill>
                          <SolidColor color="#FFFFFF"/>
                        </fill>
                      </SolidStroke>
                    </StrokeStyle>
                  </strokes>
                  <edges>
                    <Edge strokeStyle="1" edges="!325 323|437 323"/>
                  </edges>
                </DOMShape>
                <DOMShape isDrawingObject="true">
                  <matrix>
                    <Matrix a="0.841522216796875" d="1.84458923339844" tx="-9.9" ty="-18.65"/>
                  </matrix>
                  <transformationPoint>
                    <Point x="19.05" y="16.15"/>
                  </transformationPoint>
                  <strokes>
                    <StrokeStyle index="1">
                      <SolidStroke scaleMode="normal" weight="2">
                        <fill>
                          <SolidColor color="#FFFFFF"/>
                        </fill>
                      </SolidStroke>
                    </StrokeStyle>
                  </strokes>
                  <edges>
                    <Edge strokeStyle="1" edges="!325 323|437 323"/>
                  </edges>
                </DOMShape>
                <DOMShape isDrawingObject="true">
                  <matrix>
                    <Matrix a="0.841522216796875" d="1.84458923339844" tx="-9.9" ty="-16.1"/>
                  </matrix>
                  <transformationPoint>
                    <Point x="19.05" y="16.15"/>
                  </transformationPoint>
                  <strokes>
                    <StrokeStyle index="1">
                      <SolidStroke scaleMode="normal" weight="2">
                        <fill>
                          <SolidColor color="#FFFFFF"/>
                        </fill>
                      </SolidStroke>
                    </StrokeStyle>
                  </strokes>
                  <edges>
                    <Edge strokeStyle="1" edges="!325 323|437 323"/>
                  </edges>
                </DOMShape>
              </elements>
            </DOMFrame>
          </frames>
        </DOMLayer>
      </layers>
    </DOMTimeline>
  </timeline>
</DOMSymbolItem>