<DOMSymbolItem xmlns:xsi="http://www.w3.org/2001/XMLSchema-instance" xmlns="http://ns.adobe.com/xfl/2008/" name="buttons/pBtn" itemID="5170b2b6-000003ac" linkageExportForAS="true" linkageClassName="PlayItBtn" lastModified="1366347640" lastUniqueIdentifier="8">
  <timeline>
    <DOMTimeline name="pBtn" guides='&lt;guidelines&gt;&lt;guideline direction="h"&gt;11&lt;/guideline&gt;&lt;guideline direction="h"&gt;25&lt;/guideline&gt;&lt;/guidelines&gt;'>
      <layers>
        <DOMLayer name="labels" color="#808080" locked="true" autoNamed="false">
          <frames>
            <DOMFrame index="0" duration="9" name="normal" labelType="name" keyMode="9728">
              <elements/>
            </DOMFrame>
            <DOMFrame index="9" duration="10" name="over" labelType="name" keyMode="9728">
              <elements/>
            </DOMFrame>
            <DOMFrame index="19" duration="10" name="out" labelType="name" keyMode="9728">
              <elements/>
            </DOMFrame>
            <DOMFrame index="29" duration="10" name="down" labelType="name" keyMode="9728">
              <elements/>
            </DOMFrame>
            <DOMFrame index="39" duration="10" name="disabled" labelType="name" keyMode="9728">
              <elements/>
            </DOMFrame>
            <DOMFrame index="49" duration="10" name="selected" labelType="name" keyMode="9728">
              <elements/>
            </DOMFrame>
            <DOMFrame index="59" duration="10" name="selected over" labelType="name" keyMode="9728">
              <elements/>
            </DOMFrame>
            <DOMFrame index="69" duration="10" name="selected out" labelType="name" keyMode="9728">
              <elements/>
            </DOMFrame>
            <DOMFrame index="79" duration="10" name="selected down" labelType="name" keyMode="9728">
              <elements/>
            </DOMFrame>
            <DOMFrame index="89" duration="14" name="selected disabled" labelType="name" keyMode="9728">
              <elements/>
            </DOMFrame>
          </frames>
        </DOMLayer>
        <DOMLayer name="_hit" color="#FF4FFF" locked="true" autoNamed="false">
          <frames>
            <DOMFrame index="0" duration="103" name='Place a MovieClip named "_hit" here, or leave it blank.' labelType="comment" keyMode="9728">
              <elements/>
            </DOMFrame>
          </frames>
        </DOMLayer>
        <DOMLayer name="Layer 2" color="#9933CC" locked="true">
          <frames>
            <DOMFrame index="0" duration="9" keyMode="9728">
              <elements>
                <DOMShape isDrawingObject="true">
                  <fills>
                    <FillStyle index="1">
                      <SolidColor color="#ECEEEE"/>
                    </FillStyle>
                  </fills>
                  <strokes>
                    <StrokeStyle index="1">
                      <SolidStroke scaleMode="normal" weight="4">
                        <fill>
                          <SolidColor color="#ECEEEE"/>
                        </fill>
                      </SolidStroke>
                    </StrokeStyle>
                  </strokes>
                  <edges>
                    <Edge fillStyle1="1" strokeStyle="1" edges="!471 371/295 483!295 483|295 258!295 258/471 371"/>
                    <Edge cubics="!295 483(;295,483 295,258 295,258q295 483 295 258);"/>
                    <Edge cubics="!471 371(;471,371 295,483 295,483p471 371q295 483);"/>
                    <Edge cubics="!295 258(;295,258 471,371 471,371q295 258 471 371);"/>
                  </edges>
                </DOMShape>
              </elements>
            </DOMFrame>
            <DOMFrame index="9" duration="10" keyMode="9728">
              <elements>
                <DOMShape isDrawingObject="true">
                  <fills>
                    <FillStyle index="1">
                      <SolidColor color="#FFFFFF"/>
                    </FillStyle>
                  </fills>
                  <strokes>
                    <StrokeStyle index="1">
                      <SolidStroke scaleMode="normal" weight="4">
                        <fill>
                          <SolidColor color="#FFFFFF"/>
                        </fill>
                      </SolidStroke>
                    </StrokeStyle>
                  </strokes>
                  <edges>
                    <Edge fillStyle1="1" strokeStyle="1" edges="!471 371/295 483!295 483|295 258!295 258/471 371"/>
                    <Edge cubics="!295 483(;295,483 295,258 295,258q295 483 295 258);"/>
                    <Edge cubics="!471 371(;471,371 295,483 295,483p471 371q295 483);"/>
                    <Edge cubics="!295 258(;295,258 471,371 471,371q295 258 471 371);"/>
                  </edges>
                </DOMShape>
              </elements>
            </DOMFrame>
            <DOMFrame index="19" duration="30" keyMode="9728">
              <elements>
                <DOMShape isDrawingObject="true">
                  <fills>
                    <FillStyle index="1">
                      <SolidColor color="#ECEEEE"/>
                    </FillStyle>
                  </fills>
                  <strokes>
                    <StrokeStyle index="1">
                      <SolidStroke scaleMode="normal" weight="4">
                        <fill>
                          <SolidColor color="#ECEEEE"/>
                        </fill>
                      </SolidStroke>
                    </StrokeStyle>
                  </strokes>
                  <edges>
                    <Edge fillStyle1="1" strokeStyle="1" edges="!471 371S2/295 483!295 483|295 258!295 258/471 371"/>
                    <Edge cubics="!295 483(;295,483 295,258 295,258q295 483 295 258);"/>
                    <Edge cubics="!471 371(;471,371 295,483 295,483p471 371q295 483);"/>
                    <Edge cubics="!295 258(;295,258 471,371 471,371q295 258 471 371);"/>
                  </edges>
                </DOMShape>
              </elements>
            </DOMFrame>
            <DOMFrame index="49" duration="10" keyMode="9728">
              <elements>
                <DOMShape isDrawingObject="true">
                  <matrix>
                    <Matrix a="0.884613037109375" d="0.884613037109375" tx="1.65" ty="2.35"/>
                  </matrix>
                  <strokes>
                    <StrokeStyle index="1">
                      <SolidStroke scaleMode="normal" weight="4">
                        <fill>
                          <SolidColor color="#ECEEEE"/>
                        </fill>
                      </SolidStroke>
                    </StrokeStyle>
                  </strokes>
                  <edges>
                    <Edge strokeStyle="1" edges="!289 225|289 513"/>
                  </edges>
                </DOMShape>
                <DOMShape isDrawingObject="true">
                  <matrix>
                    <Matrix a="0.884613037109375" d="0.884613037109375" tx="9.7" ty="2.35"/>
                  </matrix>
                  <strokes>
                    <StrokeStyle index="1">
                      <SolidStroke scaleMode="normal" weight="4">
                        <fill>
                          <SolidColor color="#ECEEEE"/>
                        </fill>
                      </SolidStroke>
                    </StrokeStyle>
                  </strokes>
                  <edges>
                    <Edge strokeStyle="1" edges="!289 225|289 513"/>
                  </edges>
                </DOMShape>
              </elements>
            </DOMFrame>
            <DOMFrame index="59" duration="10" keyMode="9728">
              <elements>
                <DOMShape isDrawingObject="true">
                  <matrix>
                    <Matrix a="0.884613037109375" d="0.884613037109375" tx="1.65" ty="2.35"/>
                  </matrix>
                  <strokes>
                    <StrokeStyle index="1">
                      <SolidStroke scaleMode="normal" weight="4">
                        <fill>
                          <SolidColor color="#FFFFFF"/>
                        </fill>
                      </SolidStroke>
                    </StrokeStyle>
                  </strokes>
                  <edges>
                    <Edge strokeStyle="1" edges="!289 225|289 513"/>
                  </edges>
                </DOMShape>
                <DOMShape isDrawingObject="true">
                  <matrix>
                    <Matrix a="0.884613037109375" d="0.884613037109375" tx="9.7" ty="2.35"/>
                  </matrix>
                  <strokes>
                    <StrokeStyle index="1">
                      <SolidStroke scaleMode="normal" weight="4">
                        <fill>
                          <SolidColor color="#FFFFFF"/>
                        </fill>
                      </SolidStroke>
                    </StrokeStyle>
                  </strokes>
                  <edges>
                    <Edge strokeStyle="1" edges="!289 225|289 513"/>
                  </edges>
                </DOMShape>
              </elements>
            </DOMFrame>
            <DOMFrame index="69" duration="10" keyMode="9728">
              <elements>
                <DOMShape isDrawingObject="true">
                  <matrix>
                    <Matrix a="0.884613037109375" d="0.884613037109375" tx="1.65" ty="2.35"/>
                  </matrix>
                  <strokes>
                    <StrokeStyle index="1">
                      <SolidStroke scaleMode="normal" weight="4">
                        <fill>
                          <SolidColor color="#ECEEEE"/>
                        </fill>
                      </SolidStroke>
                    </StrokeStyle>
                  </strokes>
                  <edges>
                    <Edge strokeStyle="1" edges="!289 225|289 513"/>
                  </edges>
                </DOMShape>
                <DOMShape isDrawingObject="true">
                  <matrix>
                    <Matrix a="0.884613037109375" d="0.884613037109375" tx="9.7" ty="2.35"/>
                  </matrix>
                  <strokes>
                    <StrokeStyle index="1">
                      <SolidStroke scaleMode="normal" weight="4">
                        <fill>
                          <SolidColor color="#ECEEEE"/>
                        </fill>
                      </SolidStroke>
                    </StrokeStyle>
                  </strokes>
                  <edges>
                    <Edge strokeStyle="1" edges="!289 225|289 513"/>
                  </edges>
                </DOMShape>
              </elements>
            </DOMFrame>
            <DOMFrame index="79" duration="10" keyMode="9728">
              <elements>
                <DOMShape isDrawingObject="true">
                  <matrix>
                    <Matrix a="0.884613037109375" d="0.884613037109375" tx="1.65" ty="2.35"/>
                  </matrix>
                  <strokes>
                    <StrokeStyle index="1">
                      <SolidStroke scaleMode="normal" weight="4">
                        <fill>
                          <SolidColor color="#ECEEEE"/>
                        </fill>
                      </SolidStroke>
                    </StrokeStyle>
                  </strokes>
                  <edges>
                    <Edge strokeStyle="1" edges="!289 225|289 513"/>
                  </edges>
                </DOMShape>
                <DOMShape isDrawingObject="true">
                  <matrix>
                    <Matrix a="0.884613037109375" d="0.884613037109375" tx="9.7" ty="2.35"/>
                  </matrix>
                  <strokes>
                    <StrokeStyle index="1">
                      <SolidStroke scaleMode="normal" weight="4">
                        <fill>
                          <SolidColor color="#ECEEEE"/>
                        </fill>
                      </SolidStroke>
                    </StrokeStyle>
                  </strokes>
                  <edges>
                    <Edge strokeStyle="1" edges="!289 225|289 513"/>
                  </edges>
                </DOMShape>
              </elements>
            </DOMFrame>
            <DOMFrame index="89" duration="14" keyMode="9728">
              <elements>
                <DOMShape isDrawingObject="true">
                  <fills>
                    <FillStyle index="1">
                      <SolidColor color="#ECEEEE"/>
                    </FillStyle>
                  </fills>
                  <strokes>
                    <StrokeStyle index="1">
                      <SolidStroke scaleMode="normal" weight="4">
                        <fill>
                          <SolidColor color="#ECEEEE"/>
                        </fill>
                      </SolidStroke>
                    </StrokeStyle>
                  </strokes>
                  <edges>
                    <Edge fillStyle1="1" strokeStyle="1" edges="!471 371S2/295 483!295 483|295 258!295 258/471 371"/>
                    <Edge cubics="!295 483(;295,483 295,258 295,258q295 483 295 258);"/>
                    <Edge cubics="!471 371(;471,371 295,483 295,483p471 371q295 483);"/>
                    <Edge cubics="!295 258(;295,258 471,371 471,371q295 258 471 371);"/>
                  </edges>
                </DOMShape>
              </elements>
            </DOMFrame>
          </frames>
        </DOMLayer>
        <DOMLayer name="Layer 1" color="#4FFF4F" locked="true">
          <frames>
            <DOMFrame index="0" duration="9" keyMode="9728">
              <elements>
                <DOMGroup>
                  <members>
                    <DOMRectangleObject objectWidth="36" objectHeight="36" x="75.5" y="346.95" selected="true" lockFlag="true" topLeftRadius="5" topRightRadius="5" bottomLeftRadius="5" bottomRightRadius="5">
                      <matrix>
                        <Matrix tx="-75.5" ty="-346.95"/>
                      </matrix>
                      <fill>
                        <LinearGradient>
                          <matrix>
                            <Matrix a="0" b="0.02197265625" c="-0.02197265625" d="0" tx="93.5" ty="364.95"/>
                          </matrix>
                          <GradientEntry color="#1E8C3F" ratio="0"/>
                          <GradientEntry color="#004D35" ratio="1"/>
                        </LinearGradient>
                      </fill>
                      <stroke>
                        <SolidStroke scaleMode="normal" weight="0.5">
                          <fill>
                            <SolidColor color="#2B7C61"/>
                          </fill>
                        </SolidStroke>
                      </stroke>
                    </DOMRectangleObject>
                  </members>
                </DOMGroup>
              </elements>
            </DOMFrame>
            <DOMFrame index="9" duration="20" keyMode="9728">
              <elements>
                <DOMGroup>
                  <members>
                    <DOMRectangleObject objectWidth="36" objectHeight="36" x="75.5" y="346.95" lockFlag="true" topLeftRadius="5" topRightRadius="5" bottomLeftRadius="5" bottomRightRadius="5">
                      <matrix>
                        <Matrix tx="-75.5" ty="-346.95"/>
                      </matrix>
                      <fill>
                        <LinearGradient>
                          <matrix>
                            <Matrix a="0" b="0.02197265625" c="-0.02197265625" d="0" tx="93.5" ty="364.95"/>
                          </matrix>
                          <GradientEntry color="#1E8C3F" ratio="0"/>
                          <GradientEntry color="#004D35" ratio="1"/>
                        </LinearGradient>
                      </fill>
                      <stroke>
                        <SolidStroke scaleMode="normal" weight="0.5">
                          <fill>
                            <SolidColor color="#2B7C61"/>
                          </fill>
                        </SolidStroke>
                      </stroke>
                    </DOMRectangleObject>
                  </members>
                </DOMGroup>
              </elements>
            </DOMFrame>
            <DOMFrame index="29" duration="20" keyMode="9728">
              <elements>
                <DOMSymbolInstance libraryItemName="Animations/playing" centerPoint3DX="18" centerPoint3DY="18">
                  <transformationPoint>
                    <Point x="18" y="18"/>
                  </transformationPoint>
                </DOMSymbolInstance>
              </elements>
            </DOMFrame>
            <DOMFrame index="49" duration="40" keyMode="9728">
              <elements>
                <DOMSymbolInstance libraryItemName="Animations/playing" centerPoint3DX="18" centerPoint3DY="18">
                  <transformationPoint>
                    <Point x="18" y="18"/>
                  </transformationPoint>
                </DOMSymbolInstance>
              </elements>
            </DOMFrame>
            <DOMFrame index="89" duration="14" keyMode="9728">
              <elements>
                <DOMSymbolInstance libraryItemName="Animations/playing" centerPoint3DX="18" centerPoint3DY="18">
                  <transformationPoint>
                    <Point x="18" y="18"/>
                  </transformationPoint>
                </DOMSymbolInstance>
              </elements>
            </DOMFrame>
          </frames>
        </DOMLayer>
        <DOMLayer name="_component" color="#4FFFFF" current="true" isSelected="true" autoNamed="false">
          <frames>
            <DOMFrame index="0" duration="103" keyMode="9728">
              <elements>
                <DOMCompiledClipInstance libraryItemName="buttons/KafeButton" name="kafeBtn" uniqueID="5">
                  <matrix>
                    <Matrix tx="0.1" ty="3"/>
                  </matrix>
                  <dataBindingXML><![CDATA[<component metaDataFetched='true' schemaUrl='' schemaOperation='' sceneRootLabel='Scene 1' oldCopiedComponentPath='5.9.5'>
</component>
]]></dataBindingXML>
                  <parametersAsXML><![CDATA[   <property id="enabled">
      <Inspectable name="enabled" variable="enabled" category="" verbose="1" defaultValue="true" type="Boolean"/>
   </property>
   <property id="href">
      <Inspectable name="href" variable="href" category="" verbose="0" defaultValue="" type="String"/>
   </property>
   <property id="mirror">
      <Inspectable name="mirror" variable="mirror" category="" verbose="0" defaultValue="false" type="Boolean"/>
   </property>
   <property id="selected">
      <Inspectable name="selected" variable="selected" category="" verbose="0" defaultValue="false" type="Boolean"/>
   </property>
   <property id="toggle">
      <Inspectable name="toggle" variable="toggle" category="" verbose="0" defaultValue="true" type="Boolean"/>
   </property>
   <property id="window">
      <Inspectable name="window" variable="window" category="" verbose="0" defaultValue="_blank" type="String"/>
   </property>
]]></parametersAsXML>
                </DOMCompiledClipInstance>
              </elements>
            </DOMFrame>
          </frames>
        </DOMLayer>
      </layers>
    </DOMTimeline>
  </timeline>
</DOMSymbolItem>