<DOMSymbolItem xmlns:xsi="http://www.w3.org/2001/XMLSchema-instance" xmlns="http://ns.adobe.com/xfl/2008/" name="buttons/record_btn" itemID="5147d823-000002fd" linkageExportForAS="true" linkageClassName="com.wcweb.UI.RecordBtn" lastModified="1366975304" lastUniqueIdentifier="6">
  <timeline>
    <DOMTimeline name="record_btn" currentFrame="23" guides='&lt;guidelines&gt;&lt;guideline direction="v"&gt;12&lt;/guideline&gt;&lt;guideline direction="h"&gt;10&lt;/guideline&gt;&lt;guideline direction="h"&gt;0&lt;/guideline&gt;&lt;guideline direction="v"&gt;25&lt;/guideline&gt;&lt;guideline direction="h"&gt;24&lt;/guideline&gt;&lt;/guidelines&gt;'>
      <layers>
        <DOMLayer name="labels" color="#FF4FFF" autoNamed="false">
          <frames>
            <DOMFrame index="0" duration="9" name="normal" labelType="name" keyMode="9728">
              <elements/>
            </DOMFrame>
            <DOMFrame index="9" duration="10" name="over" labelType="name" keyMode="9728">
              <elements/>
            </DOMFrame>
            <DOMFrame index="19" duration="10" name="out" labelType="name" keyMode="9728">
              <elements/>
            </DOMFrame>
            <DOMFrame index="29" duration="10" name="down" labelType="name" keyMode="9728">
              <elements/>
            </DOMFrame>
            <DOMFrame index="39" duration="10" name="disabled" labelType="name" keyMode="9728">
              <elements/>
            </DOMFrame>
            <DOMFrame index="49" duration="10" name="selected" labelType="name" keyMode="9728">
              <elements/>
            </DOMFrame>
            <DOMFrame index="59" duration="10" name="selected over" labelType="name" keyMode="9728">
              <elements/>
            </DOMFrame>
            <DOMFrame index="69" duration="10" name="selected out" labelType="name" keyMode="9728">
              <elements/>
            </DOMFrame>
            <DOMFrame index="79" duration="10" name="selected down" labelType="name" keyMode="9728">
              <elements/>
            </DOMFrame>
            <DOMFrame index="89" duration="11" name="selected disabled" labelType="name" keyMode="9728">
              <elements/>
            </DOMFrame>
          </frames>
        </DOMLayer>
        <DOMLayer name="_hit" color="#9933CC" autoNamed="false">
          <frames>
            <DOMFrame index="0" duration="100" name='Place a MovieClip named "_hit" here, or leave it blank.' labelType="comment" keyMode="9728">
              <elements/>
            </DOMFrame>
          </frames>
        </DOMLayer>
        <DOMLayer name="Folder 1" color="#9933CC" layerType="folder"/>
        <DOMLayer name="Layer 2" color="#FF800A" parentLayerIndex="2">
          <frames>
            <DOMFrame index="0" duration="9" keyMode="9728">
              <elements>
                <DOMShape isDrawingObject="true">
                  <matrix>
                    <Matrix tx="0.7"/>
                  </matrix>
                  <transformationPoint>
                    <Point x="20.95" y="18.25"/>
                  </transformationPoint>
                  <strokes>
                    <StrokeStyle index="1">
                      <SolidStroke scaleMode="normal" weight="8">
                        <fill>
                          <SolidColor color="#ECEEEE"/>
                        </fill>
                      </SolidStroke>
                    </StrokeStyle>
                  </strokes>
                  <edges>
                    <Edge strokeStyle="1" edges="!363 497[306 497 265 458!265 458[224 418 224 359!224 359[224 302 265 262!265 262[306 220 363 220!363 220[420 220 462 262!462 262[501 302 501 359!501 359[501 418 462 458!462 458[420 497 363 497"/>
                    <Edge cubics="!462 262(;489,288 501,320 501,359q462 262Q501 302q501 359);"/>
                    <Edge cubics="!501 359(;501,399 489,431 462,458q501 359Q501 418q462 458);"/>
                    <Edge cubics="!224 359(;224,320 238,288 265,262q224 359Q224 302q265 262);"/>
                    <Edge cubics="!265 458(;238,431 224,399 224,359q265 458Q224 418q224 359);"/>
                    <Edge cubics="!363 497(;325,497 292,485 265,458q363 497Q306 497q265 458);"/>
                    <Edge cubics="!265 262(;292,235 325,220 363,220q265 262Q306 220q363 220);"/>
                    <Edge cubics="!363 220(;401,220 435,235 462,262q363 220Q420 220q462 262);"/>
                    <Edge cubics="!462 458(;435,485 401,497 363,497q462 458Q420 497q363 497);"/>
                  </edges>
                </DOMShape>
              </elements>
            </DOMFrame>
            <DOMFrame index="9" duration="10" keyMode="9728">
              <elements>
                <DOMShape isDrawingObject="true">
                  <matrix>
                    <Matrix tx="0.7"/>
                  </matrix>
                  <transformationPoint>
                    <Point x="20.95" y="18.25"/>
                  </transformationPoint>
                  <strokes>
                    <StrokeStyle index="1">
                      <SolidStroke scaleMode="normal" weight="8">
                        <fill>
                          <SolidColor color="#FFFFFF"/>
                        </fill>
                      </SolidStroke>
                    </StrokeStyle>
                  </strokes>
                  <edges>
                    <Edge strokeStyle="1" edges="!501 359S4[501 418 462 458!462 458[420 497 363 497!363 497[306 497 265 458!265 458[224 418 224 359!224 359[224 302 265 262!265 262[306 220 363 220!363 220[420 220 462 262!462 262[501 302 501 359"/>
                    <Edge cubics="!462 262(;489,288 501,320 501,359q462 262Q501 302q501 359);"/>
                    <Edge cubics="!501 359(;501,399 489,431 462,458q501 359Q501 418q462 458);"/>
                    <Edge cubics="!224 359(;224,320 238,288 265,262q224 359Q224 302q265 262);"/>
                    <Edge cubics="!265 458(;238,431 224,399 224,359q265 458Q224 418q224 359);"/>
                    <Edge cubics="!363 497(;325,497 292,485 265,458q363 497Q306 497q265 458);"/>
                    <Edge cubics="!265 262(;292,235 325,220 363,220q265 262Q306 220q363 220);"/>
                    <Edge cubics="!363 220(;401,220 435,235 462,262q363 220Q420 220q462 262);"/>
                    <Edge cubics="!462 458(;435,485 401,497 363,497q462 458Q420 497q363 497);"/>
                  </edges>
                </DOMShape>
              </elements>
            </DOMFrame>
            <DOMFrame index="19" duration="20" keyMode="9728">
              <elements>
                <DOMShape isDrawingObject="true">
                  <matrix>
                    <Matrix tx="0.7"/>
                  </matrix>
                  <transformationPoint>
                    <Point x="20.95" y="18.25"/>
                  </transformationPoint>
                  <strokes>
                    <StrokeStyle index="1">
                      <SolidStroke scaleMode="normal" weight="8">
                        <fill>
                          <SolidColor color="#ECEEEE"/>
                        </fill>
                      </SolidStroke>
                    </StrokeStyle>
                  </strokes>
                  <edges>
                    <Edge strokeStyle="1" edges="!363 497[306 497 265 458!265 458[224 418 224 359!224 359[224 302 265 262!265 262[306 220 363 220!363 220[420 220 462 262!462 262[501 302 501 359!501 359[501 418 462 458!462 458[420 497 363 497"/>
                    <Edge cubics="!462 262(;489,288 501,320 501,359q462 262Q501 302q501 359);"/>
                    <Edge cubics="!501 359(;501,399 489,431 462,458q501 359Q501 418q462 458);"/>
                    <Edge cubics="!224 359(;224,320 238,288 265,262q224 359Q224 302q265 262);"/>
                    <Edge cubics="!265 458(;238,431 224,399 224,359q265 458Q224 418q224 359);"/>
                    <Edge cubics="!363 497(;325,497 292,485 265,458q363 497Q306 497q265 458);"/>
                    <Edge cubics="!265 262(;292,235 325,220 363,220q265 262Q306 220q363 220);"/>
                    <Edge cubics="!363 220(;401,220 435,235 462,262q363 220Q420 220q462 262);"/>
                    <Edge cubics="!462 458(;435,485 401,497 363,497q462 458Q420 497q363 497);"/>
                  </edges>
                </DOMShape>
              </elements>
            </DOMFrame>
            <DOMFrame index="39" duration="10" keyMode="9728">
              <elements>
                <DOMShape isDrawingObject="true">
                  <transformationPoint>
                    <Point x="21.65" y="18.25"/>
                  </transformationPoint>
                  <strokes>
                    <StrokeStyle index="1">
                      <SolidStroke scaleMode="normal" weight="8">
                        <fill>
                          <SolidColor color="#CCCCCC"/>
                        </fill>
                      </SolidStroke>
                    </StrokeStyle>
                  </strokes>
                  <edges>
                    <Edge strokeStyle="1" edges="!476 458[434 497 377 497!377 497[320 497 279 458!279 458[238 418 238 359!238 359[238 302 279 262!279 262[320 220 377 220!377 220[434 220 476 262!476 262[515 302 515 359!515 359[515 418 476 458"/>
                    <Edge cubics="!476 262(;503,288 515,320 515,359q476 262Q515 302q515 359);"/>
                    <Edge cubics="!515 359(;515,399 503,431 476,458q515 359Q515 418q476 458);"/>
                    <Edge cubics="!238 359(;238,320 252,288 279,262q238 359Q238 302q279 262);"/>
                    <Edge cubics="!279 458(;252,431 238,399 238,359q279 458Q238 418q238 359);"/>
                    <Edge cubics="!377 497(;339,497 306,485 279,458q377 497Q320 497q279 458);"/>
                    <Edge cubics="!279 262(;306,235 339,220 377,220q279 262Q320 220q377 220);"/>
                    <Edge cubics="!377 220(;415,220 449,235 476,262q377 220Q434 220q476 262);"/>
                    <Edge cubics="!476 458(;449,485 415,497 377,497q476 458Q434 497q377 497);"/>
                  </edges>
                </DOMShape>
              </elements>
            </DOMFrame>
            <DOMFrame index="49" duration="10" keyMode="9728">
              <elements>
                <DOMRectangleObject objectWidth="13.85" objectHeight="13.8" x="12.15" y="10.95" lockFlag="true" topLeftRadius="3" topRightRadius="3" bottomLeftRadius="3" bottomRightRadius="3">
                  <matrix>
                    <Matrix d="1.00360107421875" tx="-0.25"/>
                  </matrix>
                  <fill>
                    <SolidColor color="#ECEEEE"/>
                  </fill>
                </DOMRectangleObject>
              </elements>
            </DOMFrame>
            <DOMFrame index="59" duration="10" keyMode="9728">
              <elements>
                <DOMRectangleObject objectWidth="13.85" objectHeight="13.8" x="12.15" y="10.95" lockFlag="true" topLeftRadius="3" topRightRadius="3" bottomLeftRadius="3" bottomRightRadius="3">
                  <matrix>
                    <Matrix d="1.00360107421875" tx="-0.25"/>
                  </matrix>
                  <fill>
                    <SolidColor color="#FFFFFF"/>
                  </fill>
                </DOMRectangleObject>
              </elements>
            </DOMFrame>
            <DOMFrame index="69" duration="10" keyMode="9728">
              <elements>
                <DOMRectangleObject objectWidth="13.85" objectHeight="13.8" x="12.15" y="10.95" lockFlag="true" topLeftRadius="3" topRightRadius="3" bottomLeftRadius="3" bottomRightRadius="3">
                  <matrix>
                    <Matrix d="1.00360107421875" tx="-0.25"/>
                  </matrix>
                  <fill>
                    <SolidColor color="#ECEEEE"/>
                  </fill>
                </DOMRectangleObject>
              </elements>
            </DOMFrame>
            <DOMFrame index="79" duration="10" keyMode="9728">
              <elements>
                <DOMRectangleObject objectWidth="13.85" objectHeight="13.8" x="12.15" y="10.95" lockFlag="true" topLeftRadius="3" topRightRadius="3" bottomLeftRadius="3" bottomRightRadius="3">
                  <matrix>
                    <Matrix d="1.00360107421875" tx="-0.25"/>
                  </matrix>
                  <fill>
                    <SolidColor color="#ECEEEE"/>
                  </fill>
                </DOMRectangleObject>
              </elements>
            </DOMFrame>
            <DOMFrame index="89" duration="11" keyMode="9728">
              <elements>
                <DOMShape isDrawingObject="true">
                  <matrix>
                    <Matrix tx="0.7"/>
                  </matrix>
                  <transformationPoint>
                    <Point x="20.95" y="18.25"/>
                  </transformationPoint>
                  <strokes>
                    <StrokeStyle index="1">
                      <SolidStroke scaleMode="normal" weight="8">
                        <fill>
                          <SolidColor color="#ECEEEE"/>
                        </fill>
                      </SolidStroke>
                    </StrokeStyle>
                  </strokes>
                  <edges>
                    <Edge strokeStyle="1" edges="!363 497S4[306 497 265 458!265 458[224 418 224 359!224 359[224 302 265 262!265 262[306 220 363 220!363 220[420 220 462 262!462 262[501 302 501 359!501 359[501 418 462 458!462 458[420 497 363 497"/>
                    <Edge cubics="!462 262(;489,288 501,320 501,359q462 262Q501 302q501 359);"/>
                    <Edge cubics="!501 359(;501,399 489,431 462,458q501 359Q501 418q462 458);"/>
                    <Edge cubics="!224 359(;224,320 238,288 265,262q224 359Q224 302q265 262);"/>
                    <Edge cubics="!265 458(;238,431 224,399 224,359q265 458Q224 418q224 359);"/>
                    <Edge cubics="!363 497(;325,497 292,485 265,458q363 497Q306 497q265 458);"/>
                    <Edge cubics="!265 262(;292,235 325,220 363,220q265 262Q306 220q363 220);"/>
                    <Edge cubics="!363 220(;401,220 435,235 462,262q363 220Q420 220q462 262);"/>
                    <Edge cubics="!462 458(;435,485 401,497 363,497q462 458Q420 497q363 497);"/>
                  </edges>
                </DOMShape>
              </elements>
            </DOMFrame>
          </frames>
        </DOMLayer>
        <DOMLayer name="Layer 1" color="#4FFF4F" current="true" isSelected="true">
          <frames>
            <DOMFrame index="0" duration="39" keyMode="9728">
              <elements>
                <DOMGroup>
                  <members>
                    <DOMRectangleObject objectWidth="36" objectHeight="36" x="75.5" y="346.95" lockFlag="true" topLeftRadius="5" topRightRadius="5" bottomLeftRadius="5" bottomRightRadius="5">
                      <matrix>
                        <Matrix tx="-75.5" ty="-346.95"/>
                      </matrix>
                      <fill>
                        <LinearGradient>
                          <matrix>
                            <Matrix a="0" b="0.02197265625" c="-0.02197265625" d="0" tx="93.5" ty="364.95"/>
                          </matrix>
                          <GradientEntry color="#1E8C3F" ratio="0"/>
                          <GradientEntry color="#004D35" ratio="1"/>
                        </LinearGradient>
                      </fill>
                    </DOMRectangleObject>
                  </members>
                </DOMGroup>
              </elements>
            </DOMFrame>
            <DOMFrame index="39" duration="10" keyMode="9728">
              <elements>
                <DOMGroup>
                  <members>
                    <DOMRectangleObject objectWidth="36" objectHeight="36" x="75.5" y="346.95" lockFlag="true" topLeftRadius="5" topRightRadius="5" bottomLeftRadius="5" bottomRightRadius="5">
                      <matrix>
                        <Matrix tx="-75.5" ty="-346.95"/>
                      </matrix>
                      <fill>
                        <LinearGradient>
                          <matrix>
                            <Matrix a="0" b="0.02197265625" c="-0.02197265625" d="0" tx="93.5" ty="364.95"/>
                          </matrix>
                          <GradientEntry color="#DDDDDD" ratio="0"/>
                          <GradientEntry color="#8A8A8A" ratio="1"/>
                        </LinearGradient>
                      </fill>
                    </DOMRectangleObject>
                  </members>
                </DOMGroup>
              </elements>
            </DOMFrame>
            <DOMFrame index="49" duration="10" keyMode="9728">
              <elements>
                <DOMSymbolInstance libraryItemName="Animations/recording" centerPoint3DX="18" centerPoint3DY="18">
                  <transformationPoint>
                    <Point x="18" y="18"/>
                  </transformationPoint>
                </DOMSymbolInstance>
              </elements>
            </DOMFrame>
            <DOMFrame index="59" duration="10" keyMode="9728">
              <elements>
                <DOMSymbolInstance libraryItemName="Animations/recording" centerPoint3DX="18" centerPoint3DY="18">
                  <transformationPoint>
                    <Point x="18" y="18"/>
                  </transformationPoint>
                </DOMSymbolInstance>
              </elements>
            </DOMFrame>
            <DOMFrame index="69" duration="10" keyMode="9728">
              <elements>
                <DOMSymbolInstance libraryItemName="Animations/recording" centerPoint3DX="18" centerPoint3DY="18">
                  <transformationPoint>
                    <Point x="18" y="18"/>
                  </transformationPoint>
                </DOMSymbolInstance>
              </elements>
            </DOMFrame>
            <DOMFrame index="79" duration="10" keyMode="9728">
              <elements>
                <DOMSymbolInstance libraryItemName="Animations/recording" selected="true" centerPoint3DX="18" centerPoint3DY="18">
                  <transformationPoint>
                    <Point x="18" y="18"/>
                  </transformationPoint>
                </DOMSymbolInstance>
              </elements>
            </DOMFrame>
            <DOMFrame index="89" duration="11" keyMode="9728">
              <elements>
                <DOMGroup>
                  <members>
                    <DOMRectangleObject objectWidth="36" objectHeight="36" x="75.5" y="346.95" lockFlag="true" topLeftRadius="5" topRightRadius="5" bottomLeftRadius="5" bottomRightRadius="5">
                      <matrix>
                        <Matrix tx="-75.5" ty="-346.95"/>
                      </matrix>
                      <fill>
                        <LinearGradient>
                          <matrix>
                            <Matrix a="0" b="0.02197265625" c="-0.02197265625" d="0" tx="93.5" ty="364.95"/>
                          </matrix>
                          <GradientEntry color="#1E8C3F" ratio="0"/>
                          <GradientEntry color="#004D35" ratio="1"/>
                        </LinearGradient>
                      </fill>
                      <stroke>
                        <SolidStroke scaleMode="normal" weight="0.5">
                          <fill>
                            <SolidColor color="#2B7C61"/>
                          </fill>
                        </SolidStroke>
                      </stroke>
                    </DOMRectangleObject>
                  </members>
                </DOMGroup>
              </elements>
            </DOMFrame>
          </frames>
        </DOMLayer>
        <DOMLayer name="_component" color="#FF800A" autoNamed="false">
          <frames>
            <DOMFrame index="0" duration="100" name="Place KafeButton Component here." labelType="comment" keyMode="9728">
              <elements>
                <DOMCompiledClipInstance libraryItemName="buttons/KafeButton" name="kafeBtn" uniqueID="2">
                  <matrix>
                    <Matrix tx="3.85" ty="0.9"/>
                  </matrix>
                  <dataBindingXML><![CDATA[<component metaDataFetched='true' schemaUrl='' schemaOperation='' sceneRootLabel='Scene 1' oldCopiedComponentPath='1.39.2'>
</component>
]]></dataBindingXML>
                  <parametersAsXML><![CDATA[   <property id="enabled">
      <Inspectable name="enabled" variable="enabled" category="" verbose="1" defaultValue="true" type="Boolean"/>
   </property>
   <property id="href">
      <Inspectable name="href" variable="href" category="" verbose="0" defaultValue="" type="String"/>
   </property>
   <property id="mirror">
      <Inspectable name="mirror" variable="mirror" category="" verbose="0" defaultValue="false" type="Boolean"/>
   </property>
   <property id="selected">
      <Inspectable name="selected" variable="selected" category="" verbose="0" defaultValue="false" type="Boolean"/>
   </property>
   <property id="toggle">
      <Inspectable name="toggle" variable="toggle" category="" verbose="0" defaultValue="true" type="Boolean"/>
   </property>
   <property id="window">
      <Inspectable name="window" variable="window" category="" verbose="0" defaultValue="_blank" type="String"/>
   </property>
]]></parametersAsXML>
                </DOMCompiledClipInstance>
              </elements>
            </DOMFrame>
          </frames>
        </DOMLayer>
      </layers>
    </DOMTimeline>
  </timeline>
</DOMSymbolItem>