<DOMSymbolItem xmlns:xsi="http://www.w3.org/2001/XMLSchema-instance" xmlns="http://ns.adobe.com/xfl/2008/" name="buttons/saveLocalBtn" itemID="51500cde-0000060a" linkageExportForAS="true" linkageClassName="com.wcweb.UI.SaveLocalBtn" lastModified="1366975908" lastUniqueIdentifier="2">
  <timeline>
    <DOMTimeline name="saveLocalBtn">
      <layers>
        <DOMLayer name="labels" color="#4F80FF" autoNamed="false">
          <frames>
            <DOMFrame index="0" duration="9" name="normal" labelType="name" keyMode="9728">
              <elements/>
            </DOMFrame>
            <DOMFrame index="9" duration="10" name="over" labelType="name" keyMode="9728">
              <elements/>
            </DOMFrame>
            <DOMFrame index="19" duration="10" name="out" labelType="name" keyMode="9728">
              <elements/>
            </DOMFrame>
            <DOMFrame index="29" duration="10" name="down" labelType="name" keyMode="9728">
              <elements/>
            </DOMFrame>
            <DOMFrame index="39" duration="10" name="disabled" labelType="name" keyMode="9728">
              <elements/>
            </DOMFrame>
            <DOMFrame index="49" duration="10" name="selected" labelType="name" keyMode="9728">
              <elements/>
            </DOMFrame>
            <DOMFrame index="59" duration="10" name="selected over" labelType="name" keyMode="9728">
              <elements/>
            </DOMFrame>
            <DOMFrame index="69" duration="10" name="selected out" labelType="name" keyMode="9728">
              <elements/>
            </DOMFrame>
            <DOMFrame index="79" duration="10" name="selected down" labelType="name" keyMode="9728">
              <elements/>
            </DOMFrame>
            <DOMFrame index="89" duration="11" name="selected disabled" labelType="name" keyMode="9728">
              <elements/>
            </DOMFrame>
          </frames>
        </DOMLayer>
        <DOMLayer name="_hit" color="#4FFFFF" autoNamed="false">
          <frames>
            <DOMFrame index="0" duration="100" name='Place a MovieClip named "_hit" here, or leave it blank.' labelType="comment" keyMode="9728">
              <elements/>
            </DOMFrame>
          </frames>
        </DOMLayer>
        <DOMLayer name="Layer 1" color="#4FFF4F" current="true" isSelected="true">
          <frames>
            <DOMFrame index="0" duration="100" keyMode="9728">
              <elements>
                <DOMStaticText width="58.2" height="7.9" includeOutlines="true" isSelectable="false">
                  <matrix>
                    <Matrix tx="1.5" ty="5.6"/>
                  </matrix>
                  <textRuns>
                    <DOMTextRun>
                      <characters>[</characters>
                      <textAttrs>
                        <DOMTextAttrs alignment="center" aliasText="false" letterSpacing="2" size="6" bitmapSize="120" face="Chinese All*" fillColor="#676767"/>
                      </textAttrs>
                    </DOMTextRun>
                    <DOMTextRun>
                      <characters>保存到本地</characters>
                      <textAttrs>
                        <DOMTextAttrs alignment="center" aliasText="false" letterSpacing="2" size="6" bitmapSize="120" face="Chinese All*" fillColor="#676767"/>
                      </textAttrs>
                    </DOMTextRun>
                    <DOMTextRun>
                      <characters>]</characters>
                      <textAttrs>
                        <DOMTextAttrs alignment="center" aliasText="false" letterSpacing="2" size="6" bitmapSize="120" face="Chinese All*" fillColor="#676767"/>
                      </textAttrs>
                    </DOMTextRun>
                  </textRuns>
                </DOMStaticText>
              </elements>
            </DOMFrame>
          </frames>
        </DOMLayer>
        <DOMLayer name="_component" color="#808080" autoNamed="false">
          <frames>
            <DOMFrame index="0" duration="100" name="Place KafeButton Component here." labelType="comment" keyMode="9728">
              <elements>
                <DOMCompiledClipInstance libraryItemName="buttons/KafeButton" name="kafeBtn" uniqueID="2">
                  <matrix>
                    <Matrix a="0.115631103515625" d="0.196868896484375" tx="52" ty="6.75"/>
                  </matrix>
                  <transformationPoint>
                    <Point x="16" y="16"/>
                  </transformationPoint>
                  <dataBindingXML><![CDATA[<component metaDataFetched='true' schemaUrl='' schemaOperation='' sceneRootLabel='Scene 1' oldCopiedComponentPath='1.21.2'>
</component>
]]></dataBindingXML>
                  <parametersAsXML><![CDATA[   <property id="enabled">
      <Inspectable name="enabled" variable="enabled" category="" verbose="1" defaultValue="true" type="Boolean"/>
   </property>
   <property id="href">
      <Inspectable name="href" variable="href" category="" verbose="0" defaultValue="" type="String"/>
   </property>
   <property id="mirror">
      <Inspectable name="mirror" variable="mirror" category="" verbose="0" defaultValue="false" type="Boolean"/>
   </property>
   <property id="selected">
      <Inspectable name="selected" variable="selected" category="" verbose="0" defaultValue="false" type="Boolean"/>
   </property>
   <property id="toggle">
      <Inspectable name="toggle" variable="toggle" category="" verbose="0" defaultValue="false" type="Boolean"/>
   </property>
   <property id="window">
      <Inspectable name="window" variable="window" category="" verbose="0" defaultValue="_blank" type="String"/>
   </property>
]]></parametersAsXML>
                </DOMCompiledClipInstance>
              </elements>
            </DOMFrame>
          </frames>
        </DOMLayer>
      </layers>
    </DOMTimeline>
  </timeline>
</DOMSymbolItem>