<DOMSymbolItem xmlns:xsi="http://www.w3.org/2001/XMLSchema-instance" xmlns="http://ns.adobe.com/xfl/2008/" name="playListItem" itemID="516f56fa-00000325" linkageExportForAS="true" linkageClassName="PlayListItem" lastModified="1367024970" lastUniqueIdentifier="9">
  <timeline>
    <DOMTimeline name="playListItem">
      <layers>
        <DOMLayer name="labels" color="#4F80FF" locked="true" autoNamed="false">
          <frames>
            <DOMFrame index="0" duration="9" name="normal" labelType="name" keyMode="9728">
              <elements/>
            </DOMFrame>
            <DOMFrame index="9" duration="10" name="over" labelType="name" keyMode="9728">
              <elements/>
            </DOMFrame>
            <DOMFrame index="19" duration="10" name="out" labelType="name" keyMode="9728">
              <elements/>
            </DOMFrame>
            <DOMFrame index="29" duration="10" name="down" labelType="name" keyMode="9728">
              <elements/>
            </DOMFrame>
            <DOMFrame index="39" duration="10" name="disabled" labelType="name" keyMode="9728">
              <elements/>
            </DOMFrame>
            <DOMFrame index="49" duration="10" name="selected" labelType="name" keyMode="9728">
              <elements/>
            </DOMFrame>
            <DOMFrame index="59" duration="10" name="selected over" labelType="name" keyMode="9728">
              <elements/>
            </DOMFrame>
            <DOMFrame index="69" duration="10" name="selected out" labelType="name" keyMode="9728">
              <elements/>
            </DOMFrame>
            <DOMFrame index="79" duration="10" name="selected down" labelType="name" keyMode="9728">
              <elements/>
            </DOMFrame>
            <DOMFrame index="89" duration="11" name="selected disabled" labelType="name" keyMode="9728">
              <elements/>
            </DOMFrame>
          </frames>
        </DOMLayer>
        <DOMLayer name="_hit" color="#4FFFFF" locked="true" autoNamed="false">
          <frames>
            <DOMFrame index="0" duration="100" name='Place a MovieClip named "_hit" here, or leave it blank.' labelType="comment" keyMode="9728">
              <elements/>
            </DOMFrame>
          </frames>
        </DOMLayer>
        <DOMLayer name="encordPlayBtn" color="#FF4F4F" autoNamed="false">
          <frames>
            <DOMFrame index="0" duration="100" keyMode="9728">
              <elements/>
            </DOMFrame>
          </frames>
        </DOMLayer>
        <DOMLayer name="cueTime" color="#4FFF4F" autoNamed="false">
          <frames>
            <DOMFrame index="0" duration="100" keyMode="9728">
              <elements>
                <DOMDynamicText name="cueTime" width="68.75" height="23.75" isSelectable="false" lineType="multiline">
                  <matrix>
                    <Matrix tx="13.75" ty="22.1"/>
                  </matrix>
                  <textRuns>
                    <DOMTextRun>
                      <characters>12:00</characters>
                      <textAttrs>
                        <DOMTextAttrs alignment="center" aliasText="false" size="18" bitmapSize="360" face="Chinese*" fillColor="#999999"/>
                      </textAttrs>
                    </DOMTextRun>
                  </textRuns>
                </DOMDynamicText>
              </elements>
            </DOMFrame>
          </frames>
        </DOMLayer>
        <DOMLayer name="title" color="#9933CC" autoNamed="false">
          <frames>
            <DOMFrame index="0" duration="100" keyMode="9728">
              <elements>
                <DOMDynamicText name="title" width="165.6" height="20.1" isSelectable="false" lineType="multiline">
                  <matrix>
                    <Matrix tx="94.2" ty="23.9"/>
                  </matrix>
                  <textRuns>
                    <DOMTextRun>
                      <characters>who   am i</characters>
                      <textAttrs>
                        <DOMTextAttrs aliasText="false" size="13" bitmapSize="260" face="Chinese*" fillColor="#999999"/>
                      </textAttrs>
                    </DOMTextRun>
                  </textRuns>
                </DOMDynamicText>
              </elements>
            </DOMFrame>
          </frames>
        </DOMLayer>
        <DOMLayer name="itemDuration" color="#FF800A" current="true" isSelected="true" autoNamed="false">
          <frames>
            <DOMFrame index="0" duration="100" keyMode="9728">
              <elements>
                <DOMDynamicText name="itemDuration" width="46.75" height="14.55" isSelectable="false" lineType="multiline">
                  <matrix>
                    <Matrix tx="321.4" ty="26.7"/>
                  </matrix>
                  <textRuns>
                    <DOMTextRun>
                      <characters>12:00</characters>
                      <textAttrs>
                        <DOMTextAttrs alignment="center" aliasText="false" size="11" bitmapSize="220" face="Chinese*" fillColor="#999999"/>
                      </textAttrs>
                    </DOMTextRun>
                  </textRuns>
                </DOMDynamicText>
              </elements>
            </DOMFrame>
          </frames>
        </DOMLayer>
        <DOMLayer name="Layer 15" color="#4F80FF">
          <frames>
            <DOMFrame index="0" duration="100" keyMode="9728">
              <elements/>
            </DOMFrame>
          </frames>
        </DOMLayer>
        <DOMLayer name="PlayBtn" color="#FF4FFF" autoNamed="false">
          <frames>
            <DOMFrame index="0" duration="100" keyMode="9728">
              <elements>
                <DOMSymbolInstance libraryItemName="buttons/pBtn" name="PlayBtn" centerPoint3DX="198.65" centerPoint3DY="78.8">
                  <matrix>
                    <Matrix a="0.77801513671875" d="0.77801513671875" tx="276.95" ty="19.95"/>
                  </matrix>
                  <transformationPoint>
                    <Point x="17.95" y="17.95"/>
                  </transformationPoint>
                </DOMSymbolInstance>
              </elements>
            </DOMFrame>
          </frames>
        </DOMLayer>
        <DOMLayer name="Layer 13" color="#4FFFFF">
          <frames>
            <DOMFrame index="0" duration="100" keyMode="9728">
              <elements/>
            </DOMFrame>
          </frames>
        </DOMLayer>
        <DOMLayer name="Layer 1" color="#4FFF4F" locked="true">
          <frames>
            <DOMFrame index="0" duration="9" keyMode="9728">
              <elements>
                <DOMShape isDrawingObject="true">
                  <matrix>
                    <Matrix a="1.48704528808594" d="0.586578369140625" ty="11.5"/>
                  </matrix>
                  <fills>
                    <FillStyle index="1">
                      <SolidColor color="#FFFFE7"/>
                    </FillStyle>
                  </fills>
                  <strokes>
                    <StrokeStyle index="1">
                      <SolidStroke scaleMode="normal">
                        <fill>
                          <SolidColor color="#FFFFFF"/>
                        </fill>
                      </SolidStroke>
                    </StrokeStyle>
                  </strokes>
                  <edges>
                    <Edge fillStyle1="1" strokeStyle="1" edges="!5480 1380|0 1380!0 1380|0 40!0 40|5480 40!5480 40|5480 1380"/>
                  </edges>
                </DOMShape>
              </elements>
            </DOMFrame>
            <DOMFrame index="9" duration="10" keyMode="9728">
              <elements>
                <DOMShape isDrawingObject="true">
                  <matrix>
                    <Matrix a="1.48704528808594" d="0.586578369140625" ty="11.5"/>
                  </matrix>
                  <fills>
                    <FillStyle index="1">
                      <SolidColor color="#FFFFCC"/>
                    </FillStyle>
                  </fills>
                  <strokes>
                    <StrokeStyle index="1">
                      <SolidStroke scaleMode="normal">
                        <fill>
                          <SolidColor color="#FFFFFF"/>
                        </fill>
                      </SolidStroke>
                    </StrokeStyle>
                  </strokes>
                  <edges>
                    <Edge fillStyle1="1" strokeStyle="1" edges="!5480 1380|0 1380!0 1380|0 40!0 40|5480 40!5480 40|5480 1380"/>
                  </edges>
                </DOMShape>
              </elements>
            </DOMFrame>
            <DOMFrame index="19" duration="10" keyMode="9728">
              <elements>
                <DOMShape isDrawingObject="true">
                  <matrix>
                    <Matrix a="1.48704528808594" d="0.586578369140625" ty="11.5"/>
                  </matrix>
                  <fills>
                    <FillStyle index="1">
                      <SolidColor color="#FFFFE7"/>
                    </FillStyle>
                  </fills>
                  <strokes>
                    <StrokeStyle index="1">
                      <SolidStroke scaleMode="normal">
                        <fill>
                          <SolidColor color="#FFFFFF"/>
                        </fill>
                      </SolidStroke>
                    </StrokeStyle>
                  </strokes>
                  <edges>
                    <Edge fillStyle1="1" strokeStyle="1" edges="!5480 1380|0 1380!0 1380|0 40!0 40|5480 40!5480 40|5480 1380"/>
                  </edges>
                </DOMShape>
              </elements>
            </DOMFrame>
            <DOMFrame index="29" duration="10" keyMode="9728">
              <elements>
                <DOMShape isDrawingObject="true">
                  <matrix>
                    <Matrix a="1.48704528808594" d="0.586578369140625" ty="11.5"/>
                  </matrix>
                  <fills>
                    <FillStyle index="1">
                      <SolidColor color="#FFFFE7"/>
                    </FillStyle>
                  </fills>
                  <strokes>
                    <StrokeStyle index="1">
                      <SolidStroke scaleMode="normal">
                        <fill>
                          <SolidColor color="#FFFFFF"/>
                        </fill>
                      </SolidStroke>
                    </StrokeStyle>
                  </strokes>
                  <edges>
                    <Edge fillStyle1="1" strokeStyle="1" edges="!5480 1380|0 1380!0 1380|0 40!0 40|5480 40!5480 40|5480 1380"/>
                  </edges>
                </DOMShape>
              </elements>
            </DOMFrame>
            <DOMFrame index="39" duration="10" keyMode="9728">
              <elements>
                <DOMShape isDrawingObject="true">
                  <matrix>
                    <Matrix a="1.48704528808594" d="0.586578369140625" ty="11.5"/>
                  </matrix>
                  <fills>
                    <FillStyle index="1">
                      <SolidColor color="#FFFFE7"/>
                    </FillStyle>
                  </fills>
                  <strokes>
                    <StrokeStyle index="1">
                      <SolidStroke scaleMode="normal">
                        <fill>
                          <SolidColor color="#FFFFFF"/>
                        </fill>
                      </SolidStroke>
                    </StrokeStyle>
                  </strokes>
                  <edges>
                    <Edge fillStyle1="1" strokeStyle="1" edges="!5480 1380|0 1380!0 1380|0 40!0 40|5480 40!5480 40|5480 1380"/>
                  </edges>
                </DOMShape>
              </elements>
            </DOMFrame>
            <DOMFrame index="49" duration="10" keyMode="9728">
              <elements>
                <DOMShape isDrawingObject="true">
                  <matrix>
                    <Matrix a="1.48704528808594" d="0.586578369140625" ty="11.5"/>
                  </matrix>
                  <fills>
                    <FillStyle index="1">
                      <SolidColor color="#CCCCCC"/>
                    </FillStyle>
                  </fills>
                  <strokes>
                    <StrokeStyle index="1">
                      <SolidStroke scaleMode="normal">
                        <fill>
                          <SolidColor color="#FFFFFF"/>
                        </fill>
                      </SolidStroke>
                    </StrokeStyle>
                  </strokes>
                  <edges>
                    <Edge fillStyle1="1" strokeStyle="1" edges="!5480 1380|0 1380!0 1380|0 40!0 40|5480 40!5480 40|5480 1380"/>
                  </edges>
                </DOMShape>
              </elements>
            </DOMFrame>
            <DOMFrame index="59" duration="10" keyMode="9728">
              <elements>
                <DOMShape isDrawingObject="true">
                  <matrix>
                    <Matrix a="1.48704528808594" d="0.586578369140625" ty="11.5"/>
                  </matrix>
                  <fills>
                    <FillStyle index="1">
                      <SolidColor color="#FFFFCC"/>
                    </FillStyle>
                  </fills>
                  <strokes>
                    <StrokeStyle index="1">
                      <SolidStroke scaleMode="normal">
                        <fill>
                          <SolidColor color="#FFFFFF"/>
                        </fill>
                      </SolidStroke>
                    </StrokeStyle>
                  </strokes>
                  <edges>
                    <Edge fillStyle1="1" strokeStyle="1" edges="!5480 1380|0 1380!0 1380|0 40!0 40|5480 40!5480 40|5480 1380"/>
                  </edges>
                </DOMShape>
              </elements>
            </DOMFrame>
            <DOMFrame index="69" duration="10" keyMode="9728">
              <elements>
                <DOMShape isDrawingObject="true">
                  <matrix>
                    <Matrix a="1.48704528808594" d="0.586578369140625" ty="11.5"/>
                  </matrix>
                  <fills>
                    <FillStyle index="1">
                      <SolidColor color="#CCCCCC"/>
                    </FillStyle>
                  </fills>
                  <strokes>
                    <StrokeStyle index="1">
                      <SolidStroke scaleMode="normal">
                        <fill>
                          <SolidColor color="#FFFFFF"/>
                        </fill>
                      </SolidStroke>
                    </StrokeStyle>
                  </strokes>
                  <edges>
                    <Edge fillStyle1="1" strokeStyle="1" edges="!5480 1380|0 1380!0 1380|0 40!0 40|5480 40!5480 40|5480 1380"/>
                  </edges>
                </DOMShape>
              </elements>
            </DOMFrame>
            <DOMFrame index="79" duration="21" keyMode="9728">
              <elements>
                <DOMShape isDrawingObject="true">
                  <matrix>
                    <Matrix a="1.48704528808594" d="0.586578369140625" ty="11.5"/>
                  </matrix>
                  <fills>
                    <FillStyle index="1">
                      <SolidColor color="#CCCCCC"/>
                    </FillStyle>
                  </fills>
                  <strokes>
                    <StrokeStyle index="1">
                      <SolidStroke scaleMode="normal">
                        <fill>
                          <SolidColor color="#FFFFFF"/>
                        </fill>
                      </SolidStroke>
                    </StrokeStyle>
                  </strokes>
                  <edges>
                    <Edge fillStyle1="1" strokeStyle="1" edges="!5480 1380|0 1380!0 1380|0 40!0 40|5480 40!5480 40|5480 1380"/>
                  </edges>
                </DOMShape>
              </elements>
            </DOMFrame>
          </frames>
        </DOMLayer>
        <DOMLayer name="_component" color="#808080" autoNamed="false">
          <frames>
            <DOMFrame index="0" duration="100" name="Place KafeButton Component here." labelType="comment" keyMode="9728">
              <elements>
                <DOMCompiledClipInstance libraryItemName="buttons/KafeButton" uniqueID="7">
                  <matrix>
                    <Matrix tx="59.25" ty="17.25"/>
                  </matrix>
                  <dataBindingXML><![CDATA[<component metaDataFetched='true' schemaUrl='' schemaOperation='' sceneRootLabel='Scene 1' oldCopiedComponentPath='5.7'>
</component>
]]></dataBindingXML>
                  <parametersAsXML><![CDATA[   <property id="enabled">
      <Inspectable name="enabled" variable="enabled" category="" verbose="1" defaultValue="true" type="Boolean"/>
   </property>
   <property id="href">
      <Inspectable name="href" variable="href" category="" verbose="0" defaultValue="" type="String"/>
   </property>
   <property id="mirror">
      <Inspectable name="mirror" variable="mirror" category="" verbose="0" defaultValue="false" type="Boolean"/>
   </property>
   <property id="selected">
      <Inspectable name="selected" variable="selected" category="" verbose="0" defaultValue="false" type="Boolean"/>
   </property>
   <property id="toggle">
      <Inspectable name="toggle" variable="toggle" category="" verbose="0" defaultValue="false" type="Boolean"/>
   </property>
   <property id="window">
      <Inspectable name="window" variable="window" category="" verbose="0" defaultValue="_blank" type="String"/>
   </property>
]]></parametersAsXML>
                </DOMCompiledClipInstance>
              </elements>
            </DOMFrame>
          </frames>
        </DOMLayer>
      </layers>
    </DOMTimeline>
  </timeline>
</DOMSymbolItem>