<DOMSymbolItem xmlns:xsi="http://www.w3.org/2001/XMLSchema-instance" xmlns="http://ns.adobe.com/xfl/2008/" name="recordTimer" itemID="517b3dae-00000469" lastModified="1367032197" lastUniqueIdentifier="1">
  <timeline>
    <DOMTimeline name="recordTimer">
      <layers>
        <DOMLayer name="labels" color="#FF4FFF" locked="true" autoNamed="false">
          <frames>
            <DOMFrame index="0" duration="9" name="normal" labelType="name" keyMode="9728">
              <elements/>
            </DOMFrame>
            <DOMFrame index="9" duration="10" name="over" labelType="name" keyMode="9728">
              <elements/>
            </DOMFrame>
            <DOMFrame index="19" duration="10" name="out" labelType="name" keyMode="9728">
              <elements/>
            </DOMFrame>
            <DOMFrame index="29" duration="10" name="down" labelType="name" keyMode="9728">
              <elements/>
            </DOMFrame>
            <DOMFrame index="39" duration="10" name="disabled" labelType="name" keyMode="9728">
              <elements/>
            </DOMFrame>
            <DOMFrame index="49" duration="10" name="selected" labelType="name" keyMode="9728">
              <elements/>
            </DOMFrame>
            <DOMFrame index="59" duration="10" name="selected over" labelType="name" keyMode="9728">
              <elements/>
            </DOMFrame>
            <DOMFrame index="69" duration="10" name="selected out" labelType="name" keyMode="9728">
              <elements/>
            </DOMFrame>
            <DOMFrame index="79" duration="10" name="selected down" labelType="name" keyMode="9728">
              <elements/>
            </DOMFrame>
            <DOMFrame index="89" duration="11" name="selected disabled" labelType="name" keyMode="9728">
              <elements/>
            </DOMFrame>
          </frames>
        </DOMLayer>
        <DOMLayer name="_component" color="#FF800A" autoNamed="false">
          <frames>
            <DOMFrame index="0" duration="100" name="Place KafeButton Component here." labelType="comment" keyMode="9728">
              <elements>
                <DOMCompiledClipInstance libraryItemName="buttons/KafeButton" uniqueID="1">
                  <matrix>
                    <Matrix a="0.2109375" d="0.2109375" tx="42.4" ty="1"/>
                  </matrix>
                  <transformationPoint>
                    <Point x="16.1" y="16.1"/>
                  </transformationPoint>
                  <dataBindingXML><![CDATA[<component metaDataFetched='true' schemaUrl='' schemaOperation='' sceneRootLabel='Scene 1' oldCopiedComponentPath='1.37.1'>
</component>
]]></dataBindingXML>
                  <parametersAsXML><![CDATA[   <property id="enabled">
      <Inspectable name="enabled" variable="enabled" category="" verbose="1" defaultValue="true" type="Boolean"/>
   </property>
   <property id="href">
      <Inspectable name="href" variable="href" category="" verbose="0" defaultValue="" type="String"/>
   </property>
   <property id="mirror">
      <Inspectable name="mirror" variable="mirror" category="" verbose="0" defaultValue="false" type="Boolean"/>
   </property>
   <property id="selected">
      <Inspectable name="selected" variable="selected" category="" verbose="0" defaultValue="false" type="Boolean"/>
   </property>
   <property id="toggle">
      <Inspectable name="toggle" variable="toggle" category="" verbose="0" defaultValue="false" type="Boolean"/>
   </property>
   <property id="window">
      <Inspectable name="window" variable="window" category="" verbose="0" defaultValue="_blank" type="String"/>
   </property>
]]></parametersAsXML>
                </DOMCompiledClipInstance>
              </elements>
            </DOMFrame>
          </frames>
        </DOMLayer>
        <DOMLayer name="_hit" color="#9933CC" autoNamed="false">
          <frames>
            <DOMFrame index="0" duration="100" name='Place a MovieClip named "_hit" here, or leave it blank.' labelType="comment" keyMode="9728">
              <elements/>
            </DOMFrame>
          </frames>
        </DOMLayer>
        <DOMLayer name="Layer 5" color="#4FFFFF">
          <frames>
            <DOMFrame index="0" duration="9" keyMode="9728">
              <elements/>
            </DOMFrame>
            <DOMFrame index="9" duration="10" keyMode="9728">
              <elements>
                <DOMStaticText width="44.85" height="9.15" includeOutlines="true" isSelectable="false">
                  <matrix>
                    <Matrix a="2.0703125" d="2.0703125" tx="-21.25" ty="-9.45"/>
                  </matrix>
                  <textRuns>
                    <DOMTextRun>
                      <characters>已</characters>
                      <textAttrs>
                        <DOMTextAttrs alignment="center" aliasText="false" size="6" bitmapSize="120" face="Arail*" fillColor="#CCCCCC"/>
                      </textAttrs>
                    </DOMTextRun>
                    <DOMTextRun>
                      <characters>录时间</characters>
                      <textAttrs>
                        <DOMTextAttrs alignment="center" aliasText="false" size="6" bitmapSize="120" face="Arail*" fillColor="#CCCCCC"/>
                      </textAttrs>
                    </DOMTextRun>
                    <DOMTextRun>
                      <characters></characters>
                      <textAttrs>
                        <DOMTextAttrs alignment="center" aliasText="false" size="6" bitmapSize="120" face="Arail*" fillColor="#CCCCCC"/>
                      </textAttrs>
                    </DOMTextRun>
                  </textRuns>
                </DOMStaticText>
              </elements>
            </DOMFrame>
            <DOMFrame index="19" duration="81" keyMode="9728">
              <elements/>
            </DOMFrame>
          </frames>
        </DOMLayer>
        <DOMLayer name="Layer 1" color="#4FFF4F" current="true" isSelected="true">
          <frames>
            <DOMFrame index="0" duration="100" keyMode="9728">
              <elements>
                <DOMDynamicText name="txt" width="20.3" height="8.95" includeOutlines="true" isSelectable="false">
                  <matrix>
                    <Matrix a="2.0703125" d="2.0703125" tx="4.15" ty="4.15"/>
                  </matrix>
                  <textRuns>
                    <DOMTextRun>
                      <characters>00:00</characters>
                      <textAttrs>
                        <DOMTextAttrs alignment="center" aliasText="false" size="8" bitmapSize="160" face="Arail*" fillColor="#CCCCCC"/>
                      </textAttrs>
                    </DOMTextRun>
                  </textRuns>
                </DOMDynamicText>
              </elements>
            </DOMFrame>
          </frames>
        </DOMLayer>
      </layers>
    </DOMTimeline>
  </timeline>
</DOMSymbolItem>