<DOMSymbolItem xmlns:xsi="http://www.w3.org/2001/XMLSchema-instance" xmlns="http://ns.adobe.com/xfl/2008/" name="statusLogger" itemID="517b41bd-000004bd" lastModified="1367032411">
  <timeline>
    <DOMTimeline name="statusLogger">
      <layers>
        <DOMLayer name="labels" color="#4F80FF" locked="true" autoNamed="false">
          <frames>
            <DOMFrame index="0" duration="9" name="normal" labelType="name" keyMode="9728">
              <elements/>
            </DOMFrame>
            <DOMFrame index="9" duration="10" name="over" labelType="name" keyMode="9728">
              <elements/>
            </DOMFrame>
            <DOMFrame index="19" duration="10" name="out" labelType="name" keyMode="9728">
              <elements/>
            </DOMFrame>
            <DOMFrame index="29" duration="10" name="down" labelType="name" keyMode="9728">
              <elements/>
            </DOMFrame>
            <DOMFrame index="39" duration="10" name="disabled" labelType="name" keyMode="9728">
              <elements/>
            </DOMFrame>
            <DOMFrame index="49" duration="10" name="selected" labelType="name" keyMode="9728">
              <elements/>
            </DOMFrame>
            <DOMFrame index="59" duration="10" name="selected over" labelType="name" keyMode="9728">
              <elements/>
            </DOMFrame>
            <DOMFrame index="69" duration="10" name="selected out" labelType="name" keyMode="9728">
              <elements/>
            </DOMFrame>
            <DOMFrame index="79" duration="10" name="selected down" labelType="name" keyMode="9728">
              <elements/>
            </DOMFrame>
            <DOMFrame index="89" duration="11" name="selected disabled" labelType="name" keyMode="9728">
              <elements/>
            </DOMFrame>
          </frames>
        </DOMLayer>
        <DOMLayer name="_component" color="#808080" autoNamed="false">
          <frames>
            <DOMFrame index="0" duration="100" name="Place KafeButton Component here." labelType="comment" keyMode="9728">
              <elements/>
            </DOMFrame>
          </frames>
        </DOMLayer>
        <DOMLayer name="_hit" color="#4FFFFF" autoNamed="false">
          <frames>
            <DOMFrame index="0" duration="100" name='Place a MovieClip named "_hit" here, or leave it blank.' labelType="comment" keyMode="9728">
              <elements/>
            </DOMFrame>
          </frames>
        </DOMLayer>
        <DOMLayer name="Layer 8" color="#FF4F4F">
          <frames>
            <DOMFrame index="0" duration="9" keyMode="9728">
              <elements/>
            </DOMFrame>
            <DOMFrame index="9" duration="10" keyMode="9728">
              <elements>
                <DOMStaticText selected="true" width="96.2" height="16" autoExpand="true" isSelectable="false">
                  <matrix>
                    <Matrix tx="156.55" ty="-18"/>
                  </matrix>
                  <textRuns>
                    <DOMTextRun>
                      <characters>当前程序状态</characters>
                      <textAttrs>
                        <DOMTextAttrs aliasText="false" letterSpacing="4" bitmapSize="240" face="Chinese All*" fillColor="#666666"/>
                      </textAttrs>
                    </DOMTextRun>
                    <DOMTextRun>
                      <characters></characters>
                      <textAttrs>
                        <DOMTextAttrs aliasText="false" letterSpacing="4" bitmapSize="240" face="Chinese All*" fillColor="#666666"/>
                      </textAttrs>
                    </DOMTextRun>
                  </textRuns>
                </DOMStaticText>
              </elements>
            </DOMFrame>
            <DOMFrame index="19" duration="81" keyMode="9728">
              <elements/>
            </DOMFrame>
          </frames>
        </DOMLayer>
        <DOMLayer name="Layer 1" color="#4FFF4F" current="true" isSelected="true">
          <frames>
            <DOMFrame index="0" duration="100" keyMode="9728">
              <elements>
                <DOMDynamicText name="txt" width="199.4" height="9.35" includeOutlines="true" isSelectable="false">
                  <matrix>
                    <Matrix a="2.0703125" d="2.0703125" tx="4.15" ty="4.15"/>
                  </matrix>
                  <textRuns>
                    <DOMTextRun>
                      <characters>系统正在启动.......</characters>
                      <textAttrs>
                        <DOMTextAttrs aliasText="false" indent="-0.4" letterSpacing="4" size="6" bitmapSize="120" face="Chinese All*" fillColor="#666666"/>
                      </textAttrs>
                    </DOMTextRun>
                  </textRuns>
                </DOMDynamicText>
              </elements>
            </DOMFrame>
          </frames>
        </DOMLayer>
      </layers>
    </DOMTimeline>
  </timeline>
</DOMSymbolItem>