<?xpacket begin="﻿" id="W5M0MpCehiHzreSzNTczkc9d"?>
<x:xmpmeta xmlns:x="adobe:ns:meta/" x:xmptk="Adobe XMP Core 5.3-c011 66.145661, 2012/02/06-14:56:27        ">
   <rdf:RDF xmlns:rdf="http://www.w3.org/1999/02/22-rdf-syntax-ns#">
      <rdf:Description rdf:about=""
            xmlns:xmp="http://ns.adobe.com/xap/1.0/">
         <xmp:CreatorTool>Adobe Flash Professional CS6 - build 481</xmp:CreatorTool>
         <xmp:CreateDate>2013-04-14T10:41:38+08:00</xmp:CreateDate>
         <xmp:MetadataDate>2013-05-24T20:37:08+08:00</xmp:MetadataDate>
         <xmp:ModifyDate>2013-05-24T20:37:08+08:00</xmp:ModifyDate>
      </rdf:Description>
      <rdf:Description rdf:about=""
            xmlns:dc="http://purl.org/dc/elements/1.1/">
         <dc:format>application/vnd.adobe.fla</dc:format>
      </rdf:Description>
      <rdf:Description rdf:about=""
            xmlns:xmpMM="http://ns.adobe.com/xap/1.0/mm/"
            xmlns:stEvt="http://ns.adobe.com/xap/1.0/sType/ResourceEvent#">
         <xmpMM:InstanceID>xmp.iid:F77F1174072068118083F5DEFBFF3389</xmpMM:InstanceID>
         <xmpMM:DocumentID>xmp.did:F77F1174072068118083D54C3E002D93</xmpMM:DocumentID>
         <xmpMM:OriginalDocumentID>xmp.did:F77F1174072068118083D54C3E002D93</xmpMM:OriginalDocumentID>
         <xmpMM:History>
            <rdf:Seq>
               <rdf:li rdf:parseType="Resource">
                  <stEvt:action>created</stEvt:action>
                  <stEvt:instanceID>xmp.iid:F77F1174072068118083D54C3E002D93</stEvt:instanceID>
                  <stEvt:when>2013-04-14T10:41:38+08:00</stEvt:when>
                  <stEvt:softwareAgent>Adobe Flash Professional CS6 - build 481</stEvt:softwareAgent>
               </rdf:li>
               <rdf:li rdf:parseType="Resource">
                  <stEvt:action>created</stEvt:action>
                  <stEvt:instanceID>xmp.iid:F97F1174072068118083B19F85B7E995</stEvt:instanceID>
                  <stEvt:when>2013-04-14T10:41:38+08:00</stEvt:when>
                  <stEvt:softwareAgent>Adobe Flash Professional CS6 - build 481</stEvt:softwareAgent>
               </rdf:li>
               <rdf:li rdf:parseType="Resource">
                  <stEvt:action>created</stEvt:action>
                  <stEvt:instanceID>xmp.iid:FA7F1174072068118083D31FCC272CE2</stEvt:instanceID>
                  <stEvt:when>2013-04-14T10:41:38+08:00</stEvt:when>
                  <stEvt:softwareAgent>Adobe Flash Professional CS6 - build 481</stEvt:softwareAgent>
               </rdf:li>
               <rdf:li rdf:parseType="Resource">
                  <stEvt:action>created</stEvt:action>
                  <stEvt:instanceID>xmp.iid:F77F1174072068118083A9410A4ADCD1</stEvt:instanceID>
                  <stEvt:when>2013-04-14T10:41:38+08:00</stEvt:when>
                  <stEvt:softwareAgent>Adobe Flash Professional CS6 - build 481</stEvt:softwareAgent>
               </rdf:li>
               <rdf:li rdf:parseType="Resource">
                  <stEvt:action>created</stEvt:action>
                  <stEvt:instanceID>xmp.iid:F77F1174072068118083F5DEFBFF3389</stEvt:instanceID>
                  <stEvt:when>2013-04-14T10:41:38+08:00</stEvt:when>
                  <stEvt:softwareAgent>Adobe Flash Professional CS6 - build 481</stEvt:softwareAgent>
               </rdf:li>
            </rdf:Seq>
         </xmpMM:History>
      </rdf:Description>
   </rdf:RDF>
</x:xmpmeta>
                                                                                                    
                                                                                                    
                                                                                                    
                                                                                                    
                                                                                                    
                                                                                                    
                                                                                                    
                                                                                                    
                                                                                                    
                                                                                                    
                                                                                                    
                                                                                                    
                                                                                                    
                                                                                                    
                                                                                                    
                                                                                                    
                                                                                                    
                                                                                                    
                                                                                                    
                                                                                                    
                           
<?xpacket end="w"?>