<DOMDocument xmlns:xsi="http://www.w3.org/2001/XMLSchema-instance" xmlns="http://ns.adobe.com/xfl/2008/" width="500" currentTimeline="1" xflVersion="2.2" creatorInfo="Adobe Flash Professional CS6" platform="Macintosh" versionInfo="Saved by Adobe Flash Macintosh 12.0 build 481" majorVersion="12" buildNumber="481" guidesSnapTo="false" guidesVisible="false" viewAngle3D="50.6510299754819" vanishingPoint3DX="250" previewMode="full" nextSceneIdentifier="2" playOptionsPlayLoop="false" playOptionsPlayPages="false" playOptionsPlayFrameActions="false" autoSaveEnabled="true" autoSaveHasPrompted="true">
     <folders>
          <DOMFolderItem name="Animations" itemID="515007aa-00000598" isExpanded="true"/>
          <DOMFolderItem name="buttons" itemID="5150075c-0000058c" isExpanded="true"/>
          <DOMFolderItem name="Component Assets" itemID="51873472-000002c6"/>
          <DOMFolderItem name="Component Assets/_private" itemID="51873472-000002cb"/>
          <DOMFolderItem name="Component Assets/ProgressBarSkins" itemID="51873472-000002c7"/>
          <DOMFolderItem name="font" itemID="51500747-00000587" isExpanded="true"/>
     </folders>
     <fonts>
          <DOMFontItem name="Chinese" itemID="516fff21-000003a7" font="MicrosoftYaHei" size="0" id="4" sourceLastImported="1366294305" embedRanges="9999"/>
          <DOMFontItem name="font/Arail" itemID="5150062a-0000057c" font="ArialMT" size="0" id="2" sourceLastImported="1364198954" embedRanges="1|2|3|4|5"/>
          <DOMFontItem name="font/Chinese All" itemID="5150072c-00000583" linkageExportForAS="true" linkageBaseClass="flash.text.Font" linkageClassName="com.wcweb.UI.Fonts.ChineseAll" font="MicrosoftYaHei" size="0" id="1" sourceLastImported="1366974320" embedRanges="9999|14"/>
     </fonts>
     <media>
          <DOMCompiledClipItem name="buttons/KafeButton" itemID="5146d7d3-0000007c" linkageExportForAS="true" linkageClassName="com.kevincao.kafe.components.KafeButtonComp" sourceLastImported="1300596021" sourcePlatform="macintosh" customIconID="0" actionscriptClass="com.kevincao.kafe.components.KafeButtonComp" livePreviewScmHRef="EZVLGJUMHQ.swf" livePreviewScmSourceFilename="/Users/macbookpro/Library/Application Support/Adobe/Flash CS6/en_US/Configuration/TMPEZVLFJUMHQ..swf" persistLivePreview11="true" livePreview11ScmHRef="EZVLGJUMHQ1.swf" livePreview11ScmSourceFilename="/Users/macbookpro/Library/Application Support/Adobe/Flash CS6/en_US/Configuration/TMPEZVHQJUMHQ..swf" editFrameIndex="1" requiredMinimumPlayerVersion="0" requiredMinimumASVersion="0" parametersAreLocked="true" swcPath="buttons/KafeButton.xml" rootSymbolLinkageID="com.kevincao.kafe.components.KafeButtonComp" movieRectRight="640" movieRectBottom="640" playerVersion="9" actionscriptVersion="3" hashKey="QlVLg9cDBUV9RgnoNwJSn/">
               <parametersAsXML><![CDATA[   <property id="enabled">
      <Inspectable name="enabled" variable="enabled" category="" verbose="1" defaultValue="true" type="Boolean"/>
   </property>
   <property id="href">
      <Inspectable name="href" variable="href" category="" verbose="0" defaultValue="" type="String"/>
   </property>
   <property id="mirror">
      <Inspectable name="mirror" variable="mirror" category="" verbose="0" defaultValue="false" type="Boolean"/>
   </property>
   <property id="selected">
      <Inspectable name="selected" variable="selected" category="" verbose="0" defaultValue="false" type="Boolean"/>
   </property>
   <property id="toggle">
      <Inspectable name="toggle" variable="toggle" category="" verbose="0" defaultValue="false" type="Boolean"/>
   </property>
   <property id="window">
      <Inspectable name="window" variable="window" category="" verbose="0" defaultValue="_blank" type="String"/>
   </property>
]]></parametersAsXML>
               <classProperties><![CDATA[<component id="com/kevincao/kafe/components/KafeButtonComp" class="com.kevincao.kafe.components.KafeButtonComp" livePreviewClass="com.kevincao.kafe.components.KafeButtonComp" modified="1300596021875">
<movieBounds xmin="0" xmax="640" ymin="0" ymax="640" />
<classDefs>
	<classDef id="fl.livepreview.LivePreviewParent"/>
	<classDef id="com.kevincao.kafe.events.KafeEvent"/>
	<classDef id="com.kevincao.kafe.behaviors.display.KafeButton"/>
	<classDef id="com.kevincao.kafe.events.AnimationEvent"/>
	<classDef id="com.kevincao.kafe.components.IComponent"/>
	<classDef id="com.kevincao.kafe.behaviors.display.IButton"/>
	<classDef id="com.kevincao.kafe.behaviors.display.ISelectableButton"/>
	<classDef id="com.kevincao.kafe.behaviors.AbstractBehavior"/>
	<classDef id="com.kevincao.kafe.behaviors.display.MovieClipSkinBehavior"/>
	<classDef id="com.kevincao.kafe.behaviors.display.ButtonBase"/>
	<classDef id="com.kevincao.kafe.behaviors.IBehavior"/>
	<classDef id="com.kevincao.kafe.components.KafeButtonComp"/>
	<classDef id="com.kevincao.kafe.components.CompBase"/>
	<classDef id="com.kevincao.kafe.components.ButtonBaseComp"/>
	<classDef id="com.kevincao.kafeui.events.KUIEvent"/>
</classDefs>
<class id="com.kevincao.kafe.components.KafeButtonComp" >
	<IconFile param1="KafeButton.png" />
	<method id="toggle" returnType="Boolean" isProperty="true" permissions="readwrite">
		<Inspectable defaultValue="false" />
	</method>
	<method id="selected" returnType="Boolean" isProperty="true" permissions="readwrite">
		<Inspectable defaultValue="false" />
	</method>
	<method id="mirror" returnType="Boolean" isProperty="true" permissions="readwrite">
		<Inspectable defaultValue="false" />
	</method>
	<method id="enabled" returnType="Boolean" isProperty="true" permissions="readwrite">
		<Inspectable defaultValue="true" verbose="1" />
	</method>
	<method id="href" returnType="String" isProperty="true" permissions="readwrite">
		<Inspectable type="String" defaultValue="" />
	</method>
	<method id="window" returnType="String" isProperty="true" permissions="readwrite">
		<Inspectable type="String" defaultValue="_blank" />
	</method>
	<method id="behavior" returnType="IBehavior" isProperty="true" permissions="readonly">
	</method>
	<method id="KafeButtonComp" isConstructor="true" isProperty="false">
	</method>
	<method id="ButtonBaseComp" isConstructor="true" isProperty="false">
	</method>
	<method id="destroy" returnType="void" isProperty="false">
	</method>
	<method id="CompBase" isConstructor="true" isProperty="false">
	</method>
</class><livePreview class="com.kevincao.kafe.components.KafeButtonComp">
<movieBounds xmin="0" xmax="640" ymin="0" ymax="640" />
<classDefs>
	<classDef id="com.kevincao.kafe.components.KafeButtonComp"/>
	<classDef id="fl.livepreview.LivePreviewParent"/>
</classDefs>
<class id="com.kevincao.kafe.components.KafeButtonComp" >
	<method id="KafeButtonComp" isConstructor="true" isProperty="false">
	</method>
</class></livePreview>
</component>
]]></classProperties>
               <customIcon>
                    <CustomIcon rowByteCount="72" colorDepth="32" width="18" height="18" frameRight="360" frameBottom="360" isTransparent="true" href="EZVLJJUMHQ.dat"/>
               </customIcon>
               <SwcItem name="com.kevincao.kafe.components.KafeButtonComp" version="1300596021" isTopLevel="true"/>
          </DOMCompiledClipItem>
     </media>
     <symbols>
          <Include href="Animations/arrow.xml" itemIcon="1" loadImmediate="false" itemID="515007cc-00000599" lastModified="1364199372"/>
          <Include href="Animations/playing.xml" loadImmediate="false" itemID="514fc7e5-00000521" lastModified="1364183103"/>
          <Include href="Animations/recording.xml" loadImmediate="false" itemID="514fc30b-00000506" lastModified="1364182641"/>
          <Include href="Animations/uploading_arrow.xml" loadImmediate="false" itemID="514fc9fd-00000542" lastModified="1364199438"/>
          <Include href="buttons/btn.xml" itemID="5147cf8b-000002d0" lastModified="1367031350"/>
          <Include href="buttons/encord.xml" itemID="514fb778-000002c3" lastModified="1366975295"/>
          <Include href="buttons/pBtn.xml" itemID="5170b2b6-000003ac" lastModified="1366347640"/>
          <Include href="buttons/record_btn.xml" itemID="5147d823-000002fd" lastModified="1366975304"/>
          <Include href="buttons/saveLocalBtn.xml" itemID="51500cde-0000060a" lastModified="1366975908"/>
          <Include href="container.xml" itemID="5147d224-000002d5" lastModified="1367035572"/>
          <Include href="currentPosition.xml" loadImmediate="false" itemID="517b3d93-00000461" lastModified="1367032212"/>
          <Include href="Component Assets/_private/Component_avatar.xml" loadImmediate="false" itemID="51873472-000002cc" lastModified="1367815282"/>
          <Include href="Component Assets/ProgressBarSkins/ProgressBar_barSkin.xml" loadImmediate="false" itemID="51873472-000002c9" lastModified="1367815282"/>
          <Include href="Component Assets/ProgressBarSkins/ProgressBar_indeterminateSkin.xml" loadImmediate="false" itemID="51873472-000002ca" lastModified="1367815282"/>
          <Include href="Component Assets/ProgressBarSkins/ProgressBar_trackSkin.xml" loadImmediate="false" itemID="51873472-000002c8" lastModified="1367815282"/>
          <Include href="playListItem.xml" itemID="516f56fa-00000325" lastModified="1367024970"/>
          <Include href="playTimer.xml" loadImmediate="false" itemID="517b3dbf-0000046c" lastModified="1367032205"/>
          <Include href="progressbar copy.xml" loadImmediate="false" itemID="5187347e-00000357" lastModified="1367815282"/>
          <Include href="ProgressBar.xml" itemID="44b2ac3f-000001bc" lastModified="1292423118"/>
          <Include href="recordTimer.xml" loadImmediate="false" itemID="517b3dae-00000469" lastModified="1367032197"/>
          <Include href="statusLogger.xml" loadImmediate="false" itemID="517b41bd-000004bd" lastModified="1367032411"/>
     </symbols>
     <timelines>
          <DOMTimeline name="Scene 1">
               <layers>
                    <DOMLayer name="Layer 1" color="#4FFF4F" current="true" isSelected="true">
                         <frames>
                              <DOMFrame index="0" keyMode="9728">
                                   <elements>
                                        <DOMSymbolInstance libraryItemName="container" name="cc" selected="true" centerPoint3DX="366.6" centerPoint3DY="292.15">
                                             <matrix>
                                                  <Matrix a="0.993453979492188" d="0.989486694335938"/>
                                             </matrix>
                                             <transformationPoint>
                                                  <Point/>
                                             </transformationPoint>
                                        </DOMSymbolInstance>
                                   </elements>
                              </DOMFrame>
                         </frames>
                    </DOMLayer>
               </layers>
          </DOMTimeline>
     </timelines>
     <swatchLists>
          <swatchList>
               <swatches>
                    <SolidSwatchItem/>
                    <SolidSwatchItem/>
                    <SolidSwatchItem/>
                    <SolidSwatchItem/>
                    <SolidSwatchItem color="#003300" hue="80" saturation="239" brightness="24"/>
                    <SolidSwatchItem color="#006600" hue="80" saturation="239" brightness="48"/>
                    <SolidSwatchItem color="#009900" hue="80" saturation="239" brightness="72"/>
                    <SolidSwatchItem color="#00CC00" hue="80" saturation="239" brightness="96"/>
                    <SolidSwatchItem color="#00FF00" hue="80" saturation="239" brightness="120"/>
                    <SolidSwatchItem color="#330000" saturation="239" brightness="24"/>
                    <SolidSwatchItem color="#333300" hue="40" saturation="239" brightness="24"/>
                    <SolidSwatchItem color="#336600" hue="60" saturation="239" brightness="48"/>
                    <SolidSwatchItem color="#339900" hue="67" saturation="239" brightness="72"/>
                    <SolidSwatchItem color="#33CC00" hue="70" saturation="239" brightness="96"/>
                    <SolidSwatchItem color="#33FF00" hue="72" saturation="239" brightness="120"/>
                    <SolidSwatchItem color="#660000" saturation="239" brightness="48"/>
                    <SolidSwatchItem color="#663300" hue="20" saturation="239" brightness="48"/>
                    <SolidSwatchItem color="#666600" hue="40" saturation="239" brightness="48"/>
                    <SolidSwatchItem color="#669900" hue="53" saturation="239" brightness="72"/>
                    <SolidSwatchItem color="#66CC00" hue="60" saturation="239" brightness="96"/>
                    <SolidSwatchItem color="#66FF00" hue="64" saturation="239" brightness="120"/>
                    <SolidSwatchItem/>
                    <SolidSwatchItem color="#333333" brightness="48"/>
                    <SolidSwatchItem/>
                    <SolidSwatchItem color="#000033" hue="160" saturation="239" brightness="24"/>
                    <SolidSwatchItem color="#003333" hue="120" saturation="239" brightness="24"/>
                    <SolidSwatchItem color="#006633" hue="100" saturation="239" brightness="48"/>
                    <SolidSwatchItem color="#009933" hue="93" saturation="239" brightness="72"/>
                    <SolidSwatchItem color="#00CC33" hue="90" saturation="239" brightness="96"/>
                    <SolidSwatchItem color="#00FF33" hue="88" saturation="239" brightness="120"/>
                    <SolidSwatchItem color="#330033" hue="200" saturation="239" brightness="24"/>
                    <SolidSwatchItem color="#333333" brightness="48"/>
                    <SolidSwatchItem color="#336633" hue="80" saturation="80" brightness="72"/>
                    <SolidSwatchItem color="#339933" hue="80" saturation="120" brightness="96"/>
                    <SolidSwatchItem color="#33CC33" hue="80" saturation="144" brightness="120"/>
                    <SolidSwatchItem color="#33FF33" hue="80" saturation="239" brightness="144"/>
                    <SolidSwatchItem color="#660033" hue="220" saturation="239" brightness="48"/>
                    <SolidSwatchItem color="#663333" saturation="80" brightness="72"/>
                    <SolidSwatchItem color="#666633" hue="40" saturation="80" brightness="72"/>
                    <SolidSwatchItem color="#669933" hue="60" saturation="120" brightness="96"/>
                    <SolidSwatchItem color="#66CC33" hue="67" saturation="144" brightness="120"/>
                    <SolidSwatchItem color="#66FF33" hue="70" saturation="239" brightness="144"/>
                    <SolidSwatchItem/>
                    <SolidSwatchItem color="#666666" brightness="96"/>
                    <SolidSwatchItem/>
                    <SolidSwatchItem color="#000066" hue="160" saturation="239" brightness="48"/>
                    <SolidSwatchItem color="#003366" hue="140" saturation="239" brightness="48"/>
                    <SolidSwatchItem color="#006666" hue="120" saturation="239" brightness="48"/>
                    <SolidSwatchItem color="#009966" hue="107" saturation="239" brightness="72"/>
                    <SolidSwatchItem color="#00CC66" hue="100" saturation="239" brightness="96"/>
                    <SolidSwatchItem color="#00FF66" hue="96" saturation="239" brightness="120"/>
                    <SolidSwatchItem color="#330066" hue="180" saturation="239" brightness="48"/>
                    <SolidSwatchItem color="#333366" hue="160" saturation="80" brightness="72"/>
                    <SolidSwatchItem color="#336666" hue="120" saturation="80" brightness="72"/>
                    <SolidSwatchItem color="#339966" hue="100" saturation="120" brightness="96"/>
                    <SolidSwatchItem color="#33CC66" hue="93" saturation="144" brightness="120"/>
                    <SolidSwatchItem color="#33FF66" hue="90" saturation="239" brightness="144"/>
                    <SolidSwatchItem color="#660066" hue="200" saturation="239" brightness="48"/>
                    <SolidSwatchItem color="#663366" hue="200" saturation="80" brightness="72"/>
                    <SolidSwatchItem color="#666666" brightness="96"/>
                    <SolidSwatchItem color="#669966" hue="80" saturation="48" brightness="120"/>
                    <SolidSwatchItem color="#66CC66" hue="80" saturation="120" brightness="144"/>
                    <SolidSwatchItem color="#66FF66" hue="80" saturation="239" brightness="168"/>
                    <SolidSwatchItem/>
                    <SolidSwatchItem color="#999999" brightness="144"/>
                    <SolidSwatchItem/>
                    <SolidSwatchItem color="#000099" hue="160" saturation="239" brightness="72"/>
                    <SolidSwatchItem color="#003399" hue="147" saturation="239" brightness="72"/>
                    <SolidSwatchItem color="#006699" hue="133" saturation="239" brightness="72"/>
                    <SolidSwatchItem color="#009999" hue="120" saturation="239" brightness="72"/>
                    <SolidSwatchItem color="#00CC99" hue="110" saturation="239" brightness="96"/>
                    <SolidSwatchItem color="#00FF99" hue="104" saturation="239" brightness="120"/>
                    <SolidSwatchItem color="#330099" hue="173" saturation="239" brightness="72"/>
                    <SolidSwatchItem color="#333399" hue="160" saturation="120" brightness="96"/>
                    <SolidSwatchItem color="#336699" hue="140" saturation="120" brightness="96"/>
                    <SolidSwatchItem color="#339999" hue="120" saturation="120" brightness="96"/>
                    <SolidSwatchItem color="#33CC99" hue="107" saturation="144" brightness="120"/>
                    <SolidSwatchItem color="#33FF99" hue="100" saturation="239" brightness="144"/>
                    <SolidSwatchItem color="#660099" hue="187" saturation="239" brightness="72"/>
                    <SolidSwatchItem color="#663399" hue="180" saturation="120" brightness="96"/>
                    <SolidSwatchItem color="#666699" hue="160" saturation="48" brightness="120"/>
                    <SolidSwatchItem color="#669999" hue="120" saturation="48" brightness="120"/>
                    <SolidSwatchItem color="#66CC99" hue="100" saturation="120" brightness="144"/>
                    <SolidSwatchItem color="#66FF99" hue="93" saturation="239" brightness="168"/>
                    <SolidSwatchItem/>
                    <SolidSwatchItem color="#CCCCCC" brightness="192"/>
                    <SolidSwatchItem/>
                    <SolidSwatchItem color="#0000CC" hue="160" saturation="239" brightness="96"/>
                    <SolidSwatchItem color="#0033CC" hue="150" saturation="239" brightness="96"/>
                    <SolidSwatchItem color="#0066CC" hue="140" saturation="239" brightness="96"/>
                    <SolidSwatchItem color="#0099CC" hue="130" saturation="239" brightness="96"/>
                    <SolidSwatchItem color="#00CCCC" hue="120" saturation="239" brightness="96"/>
                    <SolidSwatchItem color="#00FFCC" hue="112" saturation="239" brightness="120"/>
                    <SolidSwatchItem color="#3300CC" hue="170" saturation="239" brightness="96"/>
                    <SolidSwatchItem color="#3333CC" hue="160" saturation="144" brightness="120"/>
                    <SolidSwatchItem color="#3366CC" hue="147" saturation="144" brightness="120"/>
                    <SolidSwatchItem color="#3399CC" hue="133" saturation="144" brightness="120"/>
                    <SolidSwatchItem color="#33CCCC" hue="120" saturation="144" brightness="120"/>
                    <SolidSwatchItem color="#33FFCC" hue="110" saturation="239" brightness="144"/>
                    <SolidSwatchItem color="#6600CC" hue="180" saturation="239" brightness="96"/>
                    <SolidSwatchItem color="#6633CC" hue="173" saturation="144" brightness="120"/>
                    <SolidSwatchItem color="#6666CC" hue="160" saturation="120" brightness="144"/>
                    <SolidSwatchItem color="#6699CC" hue="140" saturation="120" brightness="144"/>
                    <SolidSwatchItem color="#66CCCC" hue="120" saturation="120" brightness="144"/>
                    <SolidSwatchItem color="#66FFCC" hue="107" saturation="239" brightness="168"/>
                    <SolidSwatchItem/>
                    <SolidSwatchItem color="#FFFFFF" brightness="240"/>
                    <SolidSwatchItem/>
                    <SolidSwatchItem color="#0000FF" hue="160" saturation="239" brightness="120"/>
                    <SolidSwatchItem color="#0033FF" hue="152" saturation="239" brightness="120"/>
                    <SolidSwatchItem color="#0066FF" hue="144" saturation="239" brightness="120"/>
                    <SolidSwatchItem color="#0099FF" hue="136" saturation="239" brightness="120"/>
                    <SolidSwatchItem color="#00CCFF" hue="128" saturation="239" brightness="120"/>
                    <SolidSwatchItem color="#00FFFF" hue="120" saturation="239" brightness="120"/>
                    <SolidSwatchItem color="#3300FF" hue="168" saturation="239" brightness="120"/>
                    <SolidSwatchItem color="#3333FF" hue="160" saturation="239" brightness="144"/>
                    <SolidSwatchItem color="#3366FF" hue="150" saturation="239" brightness="144"/>
                    <SolidSwatchItem color="#3399FF" hue="140" saturation="239" brightness="144"/>
                    <SolidSwatchItem color="#33CCFF" hue="130" saturation="239" brightness="144"/>
                    <SolidSwatchItem color="#33FFFF" hue="120" saturation="239" brightness="144"/>
                    <SolidSwatchItem color="#6600FF" hue="176" saturation="239" brightness="120"/>
                    <SolidSwatchItem color="#6633FF" hue="170" saturation="239" brightness="144"/>
                    <SolidSwatchItem color="#6666FF" hue="160" saturation="239" brightness="168"/>
                    <SolidSwatchItem color="#6699FF" hue="147" saturation="239" brightness="168"/>
                    <SolidSwatchItem color="#66CCFF" hue="133" saturation="239" brightness="168"/>
                    <SolidSwatchItem color="#66FFFF" hue="120" saturation="239" brightness="168"/>
                    <SolidSwatchItem/>
                    <SolidSwatchItem color="#FF0000" saturation="239" brightness="120"/>
                    <SolidSwatchItem/>
                    <SolidSwatchItem color="#990000" saturation="239" brightness="72"/>
                    <SolidSwatchItem color="#993300" hue="13" saturation="239" brightness="72"/>
                    <SolidSwatchItem color="#996600" hue="27" saturation="239" brightness="72"/>
                    <SolidSwatchItem color="#999900" hue="40" saturation="239" brightness="72"/>
                    <SolidSwatchItem color="#99CC00" hue="50" saturation="239" brightness="96"/>
                    <SolidSwatchItem color="#99FF00" hue="56" saturation="239" brightness="120"/>
                    <SolidSwatchItem color="#CC0000" saturation="239" brightness="96"/>
                    <SolidSwatchItem color="#CC3300" hue="10" saturation="239" brightness="96"/>
                    <SolidSwatchItem color="#CC6600" hue="20" saturation="239" brightness="96"/>
                    <SolidSwatchItem color="#CC9900" hue="30" saturation="239" brightness="96"/>
                    <SolidSwatchItem color="#CCCC00" hue="40" saturation="239" brightness="96"/>
                    <SolidSwatchItem color="#CCFF00" hue="48" saturation="239" brightness="120"/>
                    <SolidSwatchItem color="#FF0000" saturation="239" brightness="120"/>
                    <SolidSwatchItem color="#FF3300" hue="8" saturation="239" brightness="120"/>
                    <SolidSwatchItem color="#FF6600" hue="16" saturation="239" brightness="120"/>
                    <SolidSwatchItem color="#FF9900" hue="24" saturation="239" brightness="120"/>
                    <SolidSwatchItem color="#FFCC00" hue="32" saturation="239" brightness="120"/>
                    <SolidSwatchItem color="#FFFF00" hue="40" saturation="239" brightness="120"/>
                    <SolidSwatchItem/>
                    <SolidSwatchItem color="#00FF00" hue="80" saturation="239" brightness="120"/>
                    <SolidSwatchItem/>
                    <SolidSwatchItem color="#990033" hue="227" saturation="239" brightness="72"/>
                    <SolidSwatchItem color="#993333" saturation="120" brightness="96"/>
                    <SolidSwatchItem color="#996633" hue="20" saturation="120" brightness="96"/>
                    <SolidSwatchItem color="#999933" hue="40" saturation="120" brightness="96"/>
                    <SolidSwatchItem color="#99CC33" hue="53" saturation="144" brightness="120"/>
                    <SolidSwatchItem color="#99FF33" hue="60" saturation="239" brightness="144"/>
                    <SolidSwatchItem color="#CC0033" hue="230" saturation="239" brightness="96"/>
                    <SolidSwatchItem color="#CC3333" saturation="144" brightness="120"/>
                    <SolidSwatchItem color="#CC6633" hue="13" saturation="144" brightness="120"/>
                    <SolidSwatchItem color="#CC9933" hue="27" saturation="144" brightness="120"/>
                    <SolidSwatchItem color="#CCCC33" hue="40" saturation="144" brightness="120"/>
                    <SolidSwatchItem color="#CCFF33" hue="50" saturation="239" brightness="144"/>
                    <SolidSwatchItem color="#FF0033" hue="232" saturation="239" brightness="120"/>
                    <SolidSwatchItem color="#FF3333" saturation="239" brightness="144"/>
                    <SolidSwatchItem color="#FF6633" hue="10" saturation="239" brightness="144"/>
                    <SolidSwatchItem color="#FF9933" hue="20" saturation="239" brightness="144"/>
                    <SolidSwatchItem color="#FFCC33" hue="30" saturation="239" brightness="144"/>
                    <SolidSwatchItem color="#FFFF33" hue="40" saturation="239" brightness="144"/>
                    <SolidSwatchItem/>
                    <SolidSwatchItem color="#0000FF" hue="160" saturation="239" brightness="120"/>
                    <SolidSwatchItem/>
                    <SolidSwatchItem color="#990066" hue="213" saturation="239" brightness="72"/>
                    <SolidSwatchItem color="#993366" hue="220" saturation="120" brightness="96"/>
                    <SolidSwatchItem color="#996666" saturation="48" brightness="120"/>
                    <SolidSwatchItem color="#999966" hue="40" saturation="48" brightness="120"/>
                    <SolidSwatchItem color="#99CC66" hue="60" saturation="120" brightness="144"/>
                    <SolidSwatchItem color="#99FF66" hue="67" saturation="239" brightness="168"/>
                    <SolidSwatchItem color="#CC0066" hue="220" saturation="239" brightness="96"/>
                    <SolidSwatchItem color="#CC3366" hue="227" saturation="144" brightness="120"/>
                    <SolidSwatchItem color="#CC6666" saturation="120" brightness="144"/>
                    <SolidSwatchItem color="#CC9966" hue="20" saturation="120" brightness="144"/>
                    <SolidSwatchItem color="#CCCC66" hue="40" saturation="120" brightness="144"/>
                    <SolidSwatchItem color="#CCFF66" hue="53" saturation="239" brightness="168"/>
                    <SolidSwatchItem color="#FF0066" hue="224" saturation="239" brightness="120"/>
                    <SolidSwatchItem color="#FF3366" hue="230" saturation="239" brightness="144"/>
                    <SolidSwatchItem color="#FF6666" saturation="239" brightness="168"/>
                    <SolidSwatchItem color="#FF9966" hue="13" saturation="239" brightness="168"/>
                    <SolidSwatchItem color="#FFCC66" hue="27" saturation="239" brightness="168"/>
                    <SolidSwatchItem color="#FFFF66" hue="40" saturation="239" brightness="168"/>
                    <SolidSwatchItem/>
                    <SolidSwatchItem color="#FFFF00" hue="40" saturation="239" brightness="120"/>
                    <SolidSwatchItem/>
                    <SolidSwatchItem color="#990099" hue="200" saturation="239" brightness="72"/>
                    <SolidSwatchItem color="#993399" hue="200" saturation="120" brightness="96"/>
                    <SolidSwatchItem color="#996699" hue="200" saturation="48" brightness="120"/>
                    <SolidSwatchItem color="#999999" brightness="144"/>
                    <SolidSwatchItem color="#99CC99" hue="80" saturation="80" brightness="168"/>
                    <SolidSwatchItem color="#99FF99" hue="80" saturation="239" brightness="192"/>
                    <SolidSwatchItem color="#CC0099" hue="210" saturation="239" brightness="96"/>
                    <SolidSwatchItem color="#CC3399" hue="213" saturation="144" brightness="120"/>
                    <SolidSwatchItem color="#CC6699" hue="220" saturation="120" brightness="144"/>
                    <SolidSwatchItem color="#CC9999" saturation="80" brightness="168"/>
                    <SolidSwatchItem color="#CCCC99" hue="40" saturation="80" brightness="168"/>
                    <SolidSwatchItem color="#CCFF99" hue="60" saturation="239" brightness="192"/>
                    <SolidSwatchItem color="#FF0099" hue="216" saturation="239" brightness="120"/>
                    <SolidSwatchItem color="#FF3399" hue="220" saturation="239" brightness="144"/>
                    <SolidSwatchItem color="#FF6699" hue="227" saturation="239" brightness="168"/>
                    <SolidSwatchItem color="#FF9999" saturation="239" brightness="192"/>
                    <SolidSwatchItem color="#FFCC99" hue="20" saturation="239" brightness="192"/>
                    <SolidSwatchItem color="#FFFF99" hue="40" saturation="239" brightness="192"/>
                    <SolidSwatchItem/>
                    <SolidSwatchItem color="#00FFFF" hue="120" saturation="239" brightness="120"/>
                    <SolidSwatchItem/>
                    <SolidSwatchItem color="#9900CC" hue="190" saturation="239" brightness="96"/>
                    <SolidSwatchItem color="#9933CC" hue="187" saturation="144" brightness="120"/>
                    <SolidSwatchItem color="#9966CC" hue="180" saturation="120" brightness="144"/>
                    <SolidSwatchItem color="#9999CC" hue="160" saturation="80" brightness="168"/>
                    <SolidSwatchItem color="#99CCCC" hue="120" saturation="80" brightness="168"/>
                    <SolidSwatchItem color="#99FFCC" hue="100" saturation="239" brightness="192"/>
                    <SolidSwatchItem color="#CC00CC" hue="200" saturation="239" brightness="96"/>
                    <SolidSwatchItem color="#CC33CC" hue="200" saturation="144" brightness="120"/>
                    <SolidSwatchItem color="#CC66CC" hue="200" saturation="120" brightness="144"/>
                    <SolidSwatchItem color="#CC99CC" hue="200" saturation="80" brightness="168"/>
                    <SolidSwatchItem color="#CCCCCC" brightness="192"/>
                    <SolidSwatchItem color="#CCFFCC" hue="80" saturation="239" brightness="216"/>
                    <SolidSwatchItem color="#FF00CC" hue="208" saturation="239" brightness="120"/>
                    <SolidSwatchItem color="#FF33CC" hue="210" saturation="239" brightness="144"/>
                    <SolidSwatchItem color="#FF66CC" hue="213" saturation="239" brightness="168"/>
                    <SolidSwatchItem color="#FF99CC" hue="220" saturation="239" brightness="192"/>
                    <SolidSwatchItem color="#FFCCCC" saturation="239" brightness="216"/>
                    <SolidSwatchItem color="#FFFFCC" hue="40" saturation="239" brightness="216"/>
                    <SolidSwatchItem/>
                    <SolidSwatchItem color="#FF00FF" hue="200" saturation="239" brightness="120"/>
                    <SolidSwatchItem/>
                    <SolidSwatchItem color="#9900FF" hue="184" saturation="239" brightness="120"/>
                    <SolidSwatchItem color="#9933FF" hue="180" saturation="239" brightness="144"/>
                    <SolidSwatchItem color="#9966FF" hue="173" saturation="239" brightness="168"/>
                    <SolidSwatchItem color="#9999FF" hue="160" saturation="239" brightness="192"/>
                    <SolidSwatchItem color="#99CCFF" hue="140" saturation="239" brightness="192"/>
                    <SolidSwatchItem color="#99FFFF" hue="120" saturation="239" brightness="192"/>
                    <SolidSwatchItem color="#CC00FF" hue="192" saturation="239" brightness="120"/>
                    <SolidSwatchItem color="#CC33FF" hue="190" saturation="239" brightness="144"/>
                    <SolidSwatchItem color="#CC66FF" hue="187" saturation="239" brightness="168"/>
                    <SolidSwatchItem color="#CC99FF" hue="180" saturation="239" brightness="192"/>
                    <SolidSwatchItem color="#CCCCFF" hue="160" saturation="239" brightness="216"/>
                    <SolidSwatchItem color="#CCFFFF" hue="120" saturation="239" brightness="216"/>
                    <SolidSwatchItem color="#FF00FF" hue="200" saturation="239" brightness="120"/>
                    <SolidSwatchItem color="#FF33FF" hue="200" saturation="239" brightness="144"/>
                    <SolidSwatchItem color="#FF66FF" hue="200" saturation="239" brightness="168"/>
                    <SolidSwatchItem color="#FF99FF" hue="200" saturation="239" brightness="192"/>
                    <SolidSwatchItem color="#FFCCFF" hue="200" saturation="239" brightness="216"/>
                    <SolidSwatchItem color="#FFFFFF" brightness="240"/>
                    <SolidSwatchItem/>
               </swatches>
          </swatchList>
     </swatchLists>
     <extendedSwatchLists>
          <swatchList>
               <swatches>
                    <LinearGradientSwatchItem>
                         <GradientEntry color="#FFFFFF" ratio="0"/>
                         <GradientEntry ratio="1"/>
                    </LinearGradientSwatchItem>
                    <RadialGradientSwatchItem>
                         <GradientEntry color="#FFFFFF" ratio="0"/>
                         <GradientEntry ratio="1"/>
                    </RadialGradientSwatchItem>
                    <RadialGradientSwatchItem>
                         <GradientEntry color="#FF0000" ratio="0"/>
                         <GradientEntry ratio="1"/>
                    </RadialGradientSwatchItem>
                    <RadialGradientSwatchItem>
                         <GradientEntry color="#00FF00" ratio="0"/>
                         <GradientEntry ratio="1"/>
                    </RadialGradientSwatchItem>
                    <RadialGradientSwatchItem>
                         <GradientEntry color="#0000FF" ratio="0"/>
                         <GradientEntry ratio="1"/>
                    </RadialGradientSwatchItem>
                    <LinearGradientSwatchItem>
                         <GradientEntry color="#0066FD" ratio="0"/>
                         <GradientEntry color="#FFFFFF" ratio="0.376470588235294"/>
                         <GradientEntry color="#FFFFFF" ratio="0.47843137254902"/>
                         <GradientEntry color="#996600" ratio="0.501960784313725"/>
                         <GradientEntry color="#FFCC00" ratio="0.666666666666667"/>
                         <GradientEntry color="#FFFFFF" ratio="1"/>
                    </LinearGradientSwatchItem>
                    <LinearGradientSwatchItem>
                         <GradientEntry color="#FF0000" ratio="0"/>
                         <GradientEntry color="#FFFF00" ratio="0.164705882352941"/>
                         <GradientEntry color="#00FF00" ratio="0.364705882352941"/>
                         <GradientEntry color="#00FFFF" ratio="0.498039215686275"/>
                         <GradientEntry color="#0000FF" ratio="0.666666666666667"/>
                         <GradientEntry color="#FF00FF" ratio="0.831372549019608"/>
                         <GradientEntry color="#FF0000" ratio="1"/>
                    </LinearGradientSwatchItem>
                    <LinearGradientSwatchItem>
                         <GradientEntry color="#E5E3DD" ratio="0"/>
                         <GradientEntry color="#6B7993" ratio="1"/>
                    </LinearGradientSwatchItem>
                    <LinearGradientSwatchItem>
                         <GradientEntry color="#E5E3DD" ratio="0"/>
                         <GradientEntry color="#6B7993" ratio="1"/>
                    </LinearGradientSwatchItem>
                    <LinearGradientSwatchItem>
                         <GradientEntry color="#DDDDDD" ratio="0"/>
                         <GradientEntry color="#8A8A8A" ratio="1"/>
                    </LinearGradientSwatchItem>
                    <LinearGradientSwatchItem>
                         <GradientEntry color="#DDDDDD" ratio="0"/>
                         <GradientEntry color="#8A8A8A" ratio="1"/>
                    </LinearGradientSwatchItem>
                    <LinearGradientSwatchItem>
                         <GradientEntry color="#DDDDDD" ratio="0"/>
                         <GradientEntry color="#A9C5BE" ratio="1"/>
                    </LinearGradientSwatchItem>
               </swatches>
          </swatchList>
     </extendedSwatchLists>
     <PrinterSettings platform="macintosh"/>
     <publishHistory>
          <PublishItem publishSize="7448574" publishTime="1367032420"/>
          <PublishItem publishSize="7448512" publishTime="1367031853"/>
          <PublishItem publishSize="7416387" publishTime="1367028362"/>
          <PublishItem publishSize="7432735" publishTime="1367026342"/>
          <PublishItem publishSize="7416388" publishTime="1367025917"/>
          <PublishItem publishSize="7415377" publishTime="1366975952"/>
          <PublishItem publishSize="7415382" publishTime="1366975795"/>
          <PublishItem publishSize="7415310" publishTime="1366975038"/>
          <PublishItem publishSize="17821174" publishTime="1366974043"/>
          <PublishItem publishSize="17821026" publishTime="1366280489"/>
          <PublishItem publishSize="17821095" publishTime="1366183527"/>
          <PublishItem publishSize="17821087" publishTime="1366175081"/>
          <PublishItem publishSize="17821083" publishTime="1366172892"/>
          <PublishItem publishSize="17821084" publishTime="1366172274"/>
          <PublishItem publishSize="17821082" publishTime="1366170926"/>
          <PublishItem publishSize="17821003" publishTime="1366170612"/>
          <PublishItem publishSize="17820998" publishTime="1366168547"/>
          <PublishItem publishSize="17820998" publishTime="1366167783"/>
          <PublishItem publishSize="17820992" publishTime="1365988038"/>
          <PublishItem publishSize="17820984" publishTime="1365909842"/>
     </publishHistory>
     <swcCache>
          <Swc hashKey="QlVLg9cDBUV9RgnoNwJSn/" href="HAE4HL84WB.swc">
               <classDefinitions>
                    <ClassDefinition value="fl.livepreview.LivePreviewParent"/>
                    <ClassDefinition value="com.kevincao.kafe.events.KafeEvent"/>
                    <ClassDefinition value="com.kevincao.kafe.behaviors.display.KafeButton"/>
                    <ClassDefinition value="com.kevincao.kafe.events.AnimationEvent"/>
                    <ClassDefinition value="com.kevincao.kafe.components.IComponent"/>
                    <ClassDefinition value="com.kevincao.kafe.behaviors.display.IButton"/>
                    <ClassDefinition value="com.kevincao.kafe.behaviors.display.ISelectableButton"/>
                    <ClassDefinition value="com.kevincao.kafe.behaviors.AbstractBehavior"/>
                    <ClassDefinition value="com.kevincao.kafe.behaviors.display.MovieClipSkinBehavior"/>
                    <ClassDefinition value="com.kevincao.kafe.behaviors.display.ButtonBase"/>
                    <ClassDefinition value="com.kevincao.kafe.behaviors.IBehavior"/>
                    <ClassDefinition value="com.kevincao.kafe.components.KafeButtonComp"/>
                    <ClassDefinition value="com.kevincao.kafe.components.CompBase"/>
                    <ClassDefinition value="com.kevincao.kafe.components.ButtonBaseComp"/>
                    <ClassDefinition value="com.kevincao.kafeui.events.KUIEvent"/>
                    <ClassDefinition value="com.kevincao.kafe.components.KafeButtonComp"/>
                    <ClassDefinition value="fl.livepreview.LivePreviewParent"/>
               </classDefinitions>
          </Swc>
     </swcCache>
</DOMDocument>